# Natural Earth 50m admin_1 states/provinces lines
-53.9354 -27.1611
-53.8517 -27.1562
-53.8004 -27.1648
-53.7185 -27.1575
-53.6715 -27.1695
-53.6596 -27.2005
-53.6157 -27.2100
-53.5401 -27.1978
-53.4980 -27.1722
-53.4897 -27.1332
-53.4566 -27.1033
-53.3981 -27.0824
-53.3475 -27.0806
-53.3047 -27.0977
-53.2633 -27.1634
-53.2271 -27.1737
-53.1844 -27.1495
-53.1342 -27.1404
-53.1036 -27.1544
-53.0707 -27.1418
-53.0305 -27.1375
-52.9942 -27.1634
-52.9528 -27.1789
-52.9002 -27.1767
-52.8264 -27.1895
-52.7416 -27.2457
-52.6365 -27.2595
-52.5107 -27.2304
-52.4146 -27.2363
-52.3480 -27.2764
-52.3044 -27.2831
-52.2648 -27.2773
-52.2286 -27.2925
-52.1923 -27.2809
-52.1392 -27.2833
-52.0596 -27.3135
-51.9842 -27.3767
-51.9129 -27.4725
-51.8733 -27.5095
-51.7536 -27.5119
-51.7016 -27.4881
-51.6447 -27.4998
-51.5824 -27.5475
-51.5302 -27.5689
-51.4876 -27.5641
-51.4064 -27.6132
-51.2867 -27.7162
-51.1904 -27.7812
-51.1173 -27.8078
-50.9659 -27.9595
-50.7361 -28.2360
-50.5775 -28.3863
-50.4466 -28.4220
-50.2330 -28.4686
-50.1550 -28.4738
-50.1410 -28.4529
-50.0688 -28.4443
-49.9385 -28.4482
-49.8391 -28.4652
-49.7367 -28.5114
-49.7081 -28.5303
-49.6991 -28.5971
-49.7974 -28.6239
-49.8465 -28.6954
-49.9536 -28.7935
-49.9448 -28.9499
-50.0071 -29.1016
-50.0697 -29.0928
-50.1635 -29.1954
-50.1680 -29.2847
-50.0519 -29.3560
-50.0339 -29.3205
-50.0787 -29.2444
-49.9536 -29.1954
-49.8688 -29.2177
-49.8152 -29.2712
-49.7128 -29.3245

-38.2211 -9.3477
-38.1545 -9.2668
-38.0920 -9.1864
-37.9670 -9.1418
-37.8152 -8.9766
-37.8063 -8.8962
-37.7483 -8.8605
-37.6813 -8.9766
-37.6277 -8.9811
-37.5206 -8.9453
-37.4715 -9.0034
-37.3911 -9.0435
-37.1813 -9.2400
-36.9983 -9.3069
-36.9402 -9.3561
-36.9045 -9.2891
-36.8331 -9.2623
-36.5786 -9.2936
-36.4402 -9.2087
-36.3465 -9.1998
-36.2661 -9.1418
-36.2394 -9.0882
-36.1233 -9.0168
-36.1188 -8.9677
-36.0161 -8.8962
-35.9715 -8.9052
-35.8822 -8.8739
-35.8018 -8.8695
-35.7215 -8.9185
-35.6099 -8.8650
-35.4715 -8.8337
-35.3911 -8.8828
-35.3018 -8.8873
-35.1501 -8.9141

-38.6992 -7.6194
-38.8197 -7.6641
-38.8644 -7.7043
-38.9670 -7.8471
-38.9983 -7.8203
-39.0742 -7.8561
-39.1099 -7.7534
-39.2438 -7.6819
-39.3063 -7.6239
-39.3510 -7.5480
-39.5340 -7.4766
-39.6545 -7.3739
-39.8465 -7.3471
-39.9536 -7.3605
-40.0653 -7.4052
-40.1724 -7.4186
-40.2617 -7.3918
-40.5385 -7.3918

-34.8097 -7.5668
-34.9804 -7.5123
-35.0652 -7.4096
-35.2706 -7.3828
-35.3733 -7.4587
-35.4983 -7.4543
-35.5563 -7.6552
-35.6813 -7.7132
-35.7126 -7.7087
-35.8375 -7.7444
-35.8867 -7.7322
-35.9313 -7.8382
-35.9670 -7.8159
-36.0742 -7.8248
-36.1233 -7.7802
-36.1679 -7.8248
-36.2170 -7.7802
-36.2661 -7.8248
-36.3376 -7.8114
-36.4224 -7.8248
-36.4492 -7.9096
-36.5697 -7.9230
-36.6590 -8.0123
-36.6277 -8.0837
-36.7840 -8.2221
-36.8331 -8.2266
-36.9626 -8.2846
-37.0608 -8.2310
-37.1277 -8.1641
-37.1501 -7.9766
-37.2126 -7.9587
-37.3420 -7.9989
-37.2260 -7.8159
-37.1679 -7.7623
-37.2126 -7.6462
-37.1992 -7.5748
-37.0161 -7.5078
-37.0161 -7.4007
-37.1501 -7.3471
-37.2527 -7.2712
-37.3465 -7.2980
-37.3822 -7.3516
-37.4358 -7.3471
-37.5518 -7.4766
-37.7081 -7.5480
-37.7929 -7.6373
-37.8956 -7.6864
-37.9760 -7.7712
-38.0574 -7.7578
-38.0876 -7.8203
-38.1501 -7.7712
-38.1679 -7.8069
-38.2260 -7.8114
-38.2572 -7.8516
-38.3019 -7.8293
-38.3041 -7.7824
-38.3554 -7.6998
-38.4179 -7.7489
-38.4492 -7.7355
-38.5251 -7.7668
-38.5876 -7.7400
-38.5920 -7.6909
-38.6456 -7.6775
-38.6992 -7.6194

-40.5385 -7.3918
-40.6456 -7.4007
-40.6903 -7.4275
-40.6903 -7.5123
-40.6188 -7.6373
-40.6590 -7.7623
-40.5474 -7.8337
-40.5295 -7.9052
-40.5429 -8.0301
-40.5920 -8.1239
-40.7483 -8.2444
-40.8331 -8.3650
-40.8867 -8.3516
-40.9224 -8.4319
-41.0161 -8.4186
-41.0831 -8.5257
-41.1590 -8.5480
-41.2126 -8.6328
-41.3688 -8.7132

-46.0251 -14.8694
-45.9313 -14.7489
-45.9135 -14.6909
-45.9626 -14.5346
-45.9626 -14.4677
-45.9224 -14.3516
-46.0117 -14.2980
-46.0385 -14.2534
-46.1278 -14.1820
-46.1724 -14.0748
-46.2215 -13.9989
-46.2617 -13.8695
-46.2706 -13.6552
-46.1858 -13.4052
-46.0965 -13.3516
-46.0831 -13.2534
-46.1769 -13.2177
-46.1813 -13.1596
-46.1501 -13.0257
-46.0742 -12.9766
-46.0876 -12.9141
-46.2349 -12.7980

-47.3019 -16.0391
-47.8554 -16.0436
-48.1813 -16.0391
-48.2528 -16.0302
-48.2349 -15.9587
-48.2796 -15.8382
-48.2037 -15.7355
-48.2394 -15.6909
-48.1813 -15.4900
-47.7662 -15.4900
-47.4224 -15.4989
-47.4135 -15.5346
-47.3063 -15.5882
-47.3063 -15.7088
-47.3510 -15.8337
-47.3599 -15.9855
-47.3019 -16.0391

-50.9642 -19.5113
-51.0340 -19.3695
-51.1367 -19.2847
-51.3108 -19.2534
-51.4046 -19.1686
-51.5429 -19.1373
-51.6412 -19.1284
-51.8421 -19.0480
-51.9135 -18.9900
-52.0608 -18.9454
-52.0965 -18.8962
-52.2706 -18.8114
-52.3421 -18.8159
-52.4983 -18.7043
-52.6144 -18.7221
-52.7617 -18.7087
-52.8688 -18.6820
-52.8912 -18.6373
-52.8465 -18.5346
-52.7885 -18.4632
-52.7840 -18.3918
-52.9090 -18.3471
-52.9894 -18.3873
-53.0340 -18.3561
-53.0563 -18.2936
-53.0430 -18.0971
-53.0519 -18.0168

-50.9775 -14.4633
-50.9412 -14.2008
-50.9086 -14.1073
-50.8676 -14.0952
-50.8519 -13.9951
-50.8607 -13.8060
-50.7996 -13.6118
-50.6666 -13.4097
-50.5984 -13.2494
-50.5950 -13.1309
-50.5660 -13.0148
-50.4849 -12.8427

-46.0251 -14.8694
-46.0787 -14.9230
-46.1903 -14.9364
-46.2974 -14.9096
-46.3153 -14.8471
-46.3867 -14.7712
-46.5162 -14.7132
-46.5831 -14.7936
-46.5563 -14.8694
-46.5787 -14.9141
-46.5474 -15.0391
-46.6367 -15.0704
-46.7349 -15.0168
-46.8331 -15.0123
-46.8912 -15.0480
-46.9313 -15.2266
-46.8912 -15.2400
-46.8554 -15.3248
-46.9358 -15.4320
-46.9313 -15.5436
-46.8688 -15.5927
-46.8331 -15.8427
-46.8644 -15.8828
-47.0787 -15.9364
-47.1278 -15.9230
-47.2304 -16.0346
-47.3019 -16.0391
-47.3376 -16.1463
-47.3242 -16.2266
-47.3510 -16.3025
-47.4313 -16.4096
-47.4537 -16.4945
-47.4046 -16.5703
-47.2662 -16.6596
-47.1590 -16.9186
-47.1501 -16.9766
-47.2304 -17.0257
-47.2126 -17.0748
-47.3108 -17.1418
-47.4224 -17.2713
-47.4537 -17.3471
-47.4983 -17.3293
-47.5296 -17.4543
-47.4581 -17.5257
-47.4090 -17.4989
-47.2885 -17.5480
-47.2706 -17.6686
-47.3287 -17.7445
-47.3554 -17.8248
-47.3465 -17.8784
-47.2795 -18.0614
-47.3189 -18.0832
-47.4465 -18.1707
-47.7861 -18.3795
-47.9288 -18.4454
-48.0179 -18.4344
-48.2270 -18.3403
-48.9537 -18.3259
-49.1084 -18.3884
-49.1793 -18.4048
-49.2475 -18.4685
-49.2476 -18.4686
-49.2479 -18.4690
-49.2484 -18.4697
-49.2491 -18.4706
-49.2499 -18.4717
-49.2510 -18.4731
-49.2522 -18.4747
-49.2536 -18.4765
-49.2551 -18.4784
-49.2567 -18.4806
-49.2585 -18.4829
-49.2604 -18.4854
-49.2624 -18.4880
-49.2645 -18.4907
-49.2667 -18.4936
-49.2690 -18.4966
-49.2713 -18.4997
-49.2738 -18.5029
-49.2763 -18.5061
-49.2788 -18.5094
-49.2814 -18.5128
-49.2840 -18.5162
-49.2867 -18.5197
-49.2893 -18.5232
-49.2920 -18.5267
-49.2947 -18.5302
-49.2973 -18.5336
-49.3000 -18.5371
-49.3026 -18.5405
-49.3052 -18.5439
-49.3077 -18.5472
-49.3102 -18.5505
-49.3127 -18.5537
-49.3150 -18.5567
-49.3173 -18.5597
-49.3195 -18.5626
-49.3216 -18.5654
-49.3236 -18.5680
-49.3255 -18.5704
-49.3273 -18.5728
-49.3289 -18.5749
-49.3304 -18.5769
-49.3318 -18.5787
-49.3330 -18.5802
-49.3340 -18.5816
-49.3349 -18.5828
-49.3356 -18.5837
-49.3361 -18.5843
-49.3365 -18.5849
-49.3365 -18.5849
-49.3365 -18.5849
-49.4168 -18.6027
-49.4883 -18.5221
-49.5533 -18.5101
-49.6119 -18.5669
-49.6781 -18.6001
-49.7888 -18.6145
-49.9601 -18.6164
-50.0938 -18.6414
-50.2470 -18.6902
-50.3683 -18.7686
-50.4576 -18.8766
-50.4991 -18.9531
-50.4897 -19.0204
-50.5316 -19.0871
-50.5776 -19.1123
-50.6418 -19.1185
-50.7133 -19.1605
-50.7920 -19.2385
-50.8438 -19.3108
-50.8688 -19.3775
-50.8708 -19.4239
-50.8643 -19.4377
-50.8808 -19.4592
-50.9238 -19.4642
-50.9642 -19.5113
-50.9977 -19.6639
-50.9938 -20.1016

-44.8153 -23.2936
-44.8644 -23.2043
-44.8063 -23.1373
-44.7974 -22.9900
-44.7260 -22.9364
-44.5876 -22.8784
-44.4715 -22.8516
-44.3599 -22.8561
-44.2751 -22.8204
-44.2483 -22.7489
-44.1679 -22.6998
-44.2170 -22.5927
-44.5385 -22.6195
-44.6367 -22.6016
-44.6501 -22.5614
-44.7706 -22.4231
-44.8331 -22.4052

-46.2349 -12.7980
-46.2349 -12.7132
-46.1590 -12.6016
-46.1590 -12.5034
-46.3153 -12.4230
-46.3465 -12.3427
-46.3376 -12.1284
-46.3242 -12.0927
-46.2483 -12.0480
-46.2126 -11.9989
-46.0787 -11.9275
-46.1010 -11.8650
-46.1590 -11.8337
-46.2483 -11.8427
-46.2751 -11.7668
-46.2438 -11.7266
-46.1054 -11.6641
-46.0831 -11.6016
-46.1903 -11.5436
-46.4269 -11.4989
-46.4894 -11.4141
-46.5519 -11.3784
-46.5697 -11.3159
-46.5295 -11.2355
-46.4626 -11.1775
-46.3688 -10.9677
-46.2483 -10.9141
-46.2349 -10.8828
-46.3019 -10.7578
-46.0876 -10.5837
-46.0385 -10.5703
-45.8599 -10.4677
-45.7572 -10.3293

-45.7572 -10.3293
-45.9447 -10.3159

-50.4849 -12.8427
-50.3922 -12.6172
-50.2957 -12.4899
-50.1637 -12.3877
-50.1367 -12.4766
-50.2037 -12.5704
-50.1992 -12.6552
-50.2751 -12.7891
-50.2706 -12.8918
-50.2394 -12.9320
-50.0519 -13.0212
-49.9715 -13.0257
-49.9135 -13.0703
-49.6858 -13.1775
-49.5206 -13.1998
-49.3822 -13.2489
-49.3599 -13.1329
-49.2974 -13.0034
-49.1367 -12.7355
-49.0162 -12.6552
-48.9983 -12.7489
-48.9269 -12.7846
-48.8242 -12.8739
-48.7974 -12.9275
-48.8019 -12.9989
-48.7662 -13.0971
-48.7617 -13.2088
-48.7751 -13.3516
-48.7394 -13.3828
-48.6858 -13.3382
-48.6546 -13.1775
-48.5876 -13.1552
-48.4804 -13.1953
-48.3688 -13.1864
-48.2260 -13.0927
-48.1638 -13.1026
-48.1749 -13.1808
-48.0742 -13.1953
-48.0028 -13.2489
-47.9358 -13.2445
-47.8554 -13.2936
-47.6813 -13.3561
-47.6590 -13.3204
-47.7215 -13.1507
-47.6412 -13.1150
-47.5563 -13.2445
-47.4403 -13.2489
-47.2929 -13.1998
-47.0920 -13.0971
-46.9715 -13.0703
-46.8287 -13.0703
-46.7528 -13.0346
-46.6456 -12.9230
-46.5920 -12.8918
-46.4358 -12.8471
-46.3019 -12.8337
-46.2349 -12.7980

-37.3882 -11.4974
-37.5742 -11.5391
-37.6322 -11.5212
-37.6590 -11.5570
-37.7974 -11.5257
-37.8510 -11.4409
-37.9670 -11.4007
-38.0072 -11.3561
-37.9804 -11.2400
-38.0608 -11.1685
-38.1099 -11.0302
-38.1768 -10.9811
-38.2349 -10.8962
-38.2438 -10.8248
-38.1903 -10.7177
-38.1099 -10.7087
-38.0117 -10.7534
-37.9715 -10.7534
-37.8152 -10.6775
-37.7840 -10.6284
-37.8242 -10.5480
-37.8376 -10.4230
-37.7840 -10.3070
-37.7795 -10.0793
-37.9001 -9.9498
-37.9001 -9.9141
-37.9626 -9.8739
-38.0295 -9.7266
-37.9938 -9.6462
-38.0429 -9.6060
-37.9758 -9.5122

-48.5806 -25.9849
-48.6501 -25.9722
-48.9180 -25.9766
-48.9447 -26.0079
-49.1099 -25.9945
-49.2126 -26.0302
-49.2974 -26.1061
-49.4537 -26.1686
-49.4894 -26.2221
-49.5965 -26.2221
-49.7215 -26.1597
-49.7528 -26.1240
-49.8822 -26.0391
-49.9492 -26.0124
-50.1903 -26.0525
-50.3153 -26.0525
-50.3692 -26.0859
-50.4581 -26.0257
-50.5429 -26.0257
-50.6456 -26.0704
-50.7349 -26.2311
-50.7706 -26.2221
-50.9001 -26.2802
-50.9447 -26.2445
-51.0742 -26.2355
-51.2483 -26.3472
-51.2885 -26.4231
-51.2796 -26.4990
-51.2394 -26.6061
-51.2840 -26.6507
-51.4224 -26.6998
-51.5028 -26.6016
-51.8733 -26.6016
-52.0072 -26.5838
-52.1992 -26.4498
-52.4581 -26.4320
-52.5430 -26.4007
-52.6412 -26.4007
-52.6724 -26.3784
-52.8153 -26.3382
-52.9135 -26.3650
-52.9938 -26.3516
-53.1233 -26.3695
-53.2796 -26.2623
-53.3554 -26.2400
-53.4581 -26.2891
-53.5162 -26.2891
-53.6635 -26.2579

-63.3937 2.2240
-63.3064 2.1663
-63.1501 2.1797
-63.1233 2.1127
-63.0028 2.0190
-62.8465 2.0190
-62.7082 1.9475
-62.6903 1.9118
-62.7305 1.8315
-62.7126 1.7377
-62.7885 1.6038
-62.7215 1.4966
-62.6233 1.4163
-62.6144 1.3627
-62.5162 1.0591
-62.5117 0.9609
-62.4448 0.8047
-62.5340 0.7333
-62.5385 0.6752
-62.4849 0.5413
-62.4894 0.4877
-62.5296 0.4297
-62.5340 0.3136
-62.5698 0.2466
-62.5653 0.1752
-62.5251 0.0949
-62.5787 0.0190
-62.5698 -0.0480
-62.5117 -0.1239
-62.4760 -0.2221
-62.4046 -0.2712
-62.3733 -0.3426
-62.3689 -0.4676
-62.3198 -0.5212
-62.3108 -0.6418
-62.3778 -0.7176
-62.4760 -0.6953
-62.5073 -0.7712
-62.4180 -0.8292
-62.3153 -0.9453
-62.2439 -0.9810
-62.2037 -1.0435
-62.1412 -1.0659
-62.0296 -1.1462
-61.9358 -1.2444
-61.8778 -1.3694
-61.8809 -1.3892
-61.7985 -1.3886
-61.7172 -1.4012
-61.6199 -1.4495
-61.6189 -1.2757
-61.5742 -1.1418
-61.5608 -1.0212
-61.5787 -0.9453
-61.5340 -0.7266
-61.4582 -0.6373
-61.2439 -0.5480
-61.2215 -0.4989
-61.1055 -0.4944
-61.0608 -0.5301
-60.9314 -0.5569
-60.9046 -0.6105
-60.8153 -0.6864
-60.7349 -0.8516
-60.6412 -0.8605
-60.5162 -0.8292
-60.4671 -0.7400
-60.3376 -0.7042
-60.3064 -0.6730
-60.3153 -0.6194
-60.3912 -0.5212
-60.3867 -0.4632
-60.3153 -0.3069
-60.3108 -0.2355
-60.2528 -0.1507
-60.2171 -0.0435
-60.1680 0.0056
-60.1278 0.1306
-60.0251 0.2243
-59.7706 0.2288
-58.8689 0.2243

-58.9741 1.3862
-58.8689 0.2243

-73.7972 -7.1167
-72.6635 -7.5927
-70.3733 -8.1552
-69.8064 -8.4543
-66.8287 -9.8382
-66.7439 -9.7489
-66.6948 -9.7489
-66.5966 -9.6641
-66.5028 -9.6328
-66.4046 -9.5257
-66.3957 -9.4052
-66.1055 -9.4186
-65.9983 -9.4007
-65.9314 -9.4141
-65.7662 -9.5659
-65.6769 -9.5346
-65.6323 -9.4498
-65.5251 -9.4141
-65.4448 -9.4453
-65.4180 -9.3918
-65.2216 -9.2578
-65.1992 -9.2668
-65.1724 -9.3739
-65.0921 -9.4364
-65.0385 -9.4007
-64.9046 -9.2132
-64.9269 -9.1194
-64.8867 -9.0614
-64.7796 -8.9855
-64.6903 -9.0212
-64.5966 -9.0257
-64.4760 -8.9498
-64.4180 -8.9721
-64.3823 -8.9409
-64.2171 -8.9498
-64.1189 -8.9364
-64.1278 -8.6864
-64.0742 -8.7132
-63.9983 -8.6819
-63.9224 -8.5346
-63.9939 -8.4409
-63.9180 -8.3337
-63.7528 -8.2846
-63.7260 -8.1909
-63.5921 -8.1641
-63.5876 -8.0793
-63.5385 -7.9989
-62.9046 -8.0078
-62.8287 -8.0168
-62.7215 -8.0614
-62.6769 -8.1150
-62.6367 -8.2221
-62.5564 -8.2891
-62.5385 -8.3605
-62.4537 -8.3471
-62.3733 -8.3828
-62.3064 -8.5703
-62.1724 -8.6105
-62.1323 -8.7668
-61.9983 -8.8114
-61.9180 -8.8739
-61.8733 -8.8561
-61.8376 -8.7444
-61.7617 -8.7266
-61.7171 -8.6864
-61.6099 -8.7221
-61.6099 -8.7668

-61.6099 -8.7668
-61.5073 -8.8471
-61.4849 -8.9141
-61.5296 -8.9989
-61.5564 -9.1284
-61.5296 -9.2266
-61.5921 -9.2400
-61.6099 -9.3203
-61.5474 -9.4096
-61.5519 -9.4632
-61.4805 -9.6373
-61.5207 -9.7043
-61.5653 -9.7266
-61.5207 -9.8605
-61.5340 -9.9945
-61.5698 -10.0614
-61.5653 -10.2623
-61.4715 -10.4364
-61.5028 -10.6864
-61.4715 -10.7578
-61.5207 -10.7891
-61.5073 -10.8784
-61.5207 -10.9543
-61.4715 -10.9989
-60.4403 -11.0034
-60.4403 -11.0391
-60.3823 -11.1016
-60.2796 -11.0793
-60.1769 -11.1195
-60.0698 -11.1150
-60.0028 -11.1462
-59.9090 -11.3828
-60.0251 -11.5346
-60.1010 -11.6016
-60.1010 -11.7445
-60.0608 -11.9052
-59.9849 -11.9186
-59.9314 -12.0525
-59.8867 -12.1284
-59.8912 -12.2445
-59.8242 -12.3873
-59.9090 -12.6194
-60.0028 -12.7311
-60.0430 -12.8739
-60.0831 -12.9275
-60.1948 -12.9721
-60.2707 -13.0703
-60.2751 -13.1373
-60.3510 -13.2712
-60.3823 -13.4186
-60.6590 -13.6016
-60.7250 -13.6631

-38.5251 -6.3828
-38.6054 -6.3962
-38.5786 -6.2623
-38.5117 -6.1819
-38.4938 -6.1284
-38.4135 -6.0614
-38.3688 -6.0926
-38.3019 -6.0748
-38.1277 -5.8784
-38.0786 -5.7623
-38.0786 -5.6864
-38.0474 -5.6150
-37.9135 -5.4632
-37.7215 -5.0614
-37.5965 -4.9587
-37.5429 -4.9319
-37.1579 -4.7992

-38.5251 -6.3828
-38.4358 -6.4141
-38.2840 -6.5034
-38.2393 -6.4855
-38.1322 -6.5212
-38.0563 -6.4453
-38.0027 -6.4319
-37.8420 -6.3426
-37.7929 -6.2936
-37.7572 -6.1775
-37.6411 -6.1284
-37.4760 -6.0837
-37.4224 -6.0971
-37.2617 -6.0257
-37.1769 -6.0525
-37.1769 -6.1150
-37.3956 -6.3918
-37.4313 -6.5168
-37.5072 -6.5525
-37.5161 -6.6819
-37.3376 -6.6998
-37.2706 -6.7400
-37.2170 -6.8248
-37.1545 -6.7846
-37.0429 -6.7534
-36.9893 -6.7087
-36.9447 -6.7489
-36.7929 -6.7668
-36.7438 -6.8248
-36.7706 -6.9320
-36.7126 -6.9766
-36.6590 -6.9320
-36.5742 -6.9275
-36.5027 -6.7846
-36.5295 -6.7355
-36.5340 -6.6373
-36.4447 -6.6239
-36.5161 -6.4811
-36.4938 -6.3784
-36.3822 -6.3025
-36.2929 -6.3069
-36.2527 -6.4141
-35.9268 -6.4677
-35.7215 -6.4453
-35.6679 -6.4275
-35.4670 -6.4632
-35.3063 -6.5302
-35.2572 -6.5078
-35.0474 -6.5346
-34.9200 -6.4808

-41.8644 -20.7757
-41.7438 -20.8204
-41.7126 -20.9766
-41.7304 -21.0436
-41.7126 -21.1105
-41.4402 -21.1998
-41.3911 -21.1864
-41.2661 -21.2311
-41.0697 -21.2132
-40.9670 -21.2757

-41.9269 -20.8293
-41.8644 -20.7757

-45.7572 -10.3293
-45.6054 -10.3337
-45.5162 -10.4141
-45.4715 -10.4855
-45.4403 -10.6195
-45.3153 -10.7802
-45.0429 -10.8962
-44.9313 -10.8605
-44.8510 -10.8784
-44.7840 -10.8561
-44.7528 -10.7846
-44.6456 -10.7355
-44.6188 -10.6864
-44.5385 -10.6284
-44.4179 -10.5882
-44.3108 -10.6016
-44.2170 -10.6284
-44.1188 -10.5882
-43.9938 -10.4543
-43.9135 -10.4320
-43.8019 -10.2043
-43.7617 -10.1685
-43.7528 -10.1061
-43.7037 -10.0346
-43.7126 -9.9498
-43.6813 -9.8025
-43.7260 -9.7489
-43.7840 -9.5659
-43.8287 -9.4989
-43.8108 -9.4275
-43.6947 -9.4453
-43.6590 -9.3650
-43.6054 -9.3382
-43.5385 -9.3605
-43.4492 -9.3025
-43.4148 -9.3356
-43.3778 -9.4141
-43.1858 -9.4186
-43.1278 -9.3739
-43.0429 -9.3962
-43.0295 -9.4364
-42.9369 -9.4744
-42.9313 -9.5168
-42.8510 -9.5480
-42.7528 -9.5212
-42.6188 -9.5659
-42.5742 -9.4855
-42.4894 -9.4989
-42.4313 -9.4096
-42.3108 -9.3069
-42.1501 -9.2936
-42.0429 -9.2087
-41.9179 -9.2132
-41.8510 -9.2534
-41.7974 -9.1730
-41.7349 -9.1328
-41.7349 -8.9811
-41.6099 -8.9632
-41.5563 -8.9721
-41.4983 -8.9364
-41.4670 -8.8650
-41.4001 -8.7846
-41.3688 -8.7132

-40.5385 -7.3918
-40.5340 -7.3248
-40.5831 -7.1953
-40.5117 -7.0034
-40.4403 -6.9051
-40.4179 -6.8114
-40.4804 -6.7355
-40.6144 -6.7087
-40.7081 -6.6596
-40.7215 -6.5703
-40.7706 -6.4944
-40.7974 -6.3784
-40.8063 -6.2534
-40.8911 -6.0123
-40.8911 -5.9052
-40.9224 -5.6819
-40.9179 -5.6016
-40.9492 -5.4185
-41.0251 -5.3650
-41.0697 -5.3069
-41.0608 -5.1685
-41.1144 -5.0659
-41.1233 -5.0078
-41.1858 -4.9141
-41.1813 -4.8114
-41.2260 -4.7266
-41.2438 -4.6150
-41.2349 -4.5391
-41.1411 -4.4275
-41.0742 -4.3248
-41.1188 -4.1775
-41.1813 -4.1239
-41.2304 -4.0435
-41.2840 -3.8114
-41.3554 -3.7087
-41.3822 -3.5926
-41.4492 -3.4364
-41.4269 -3.3203
-41.3777 -3.2712
-41.2572 -3.0793
-41.2733 -2.8688

-38.6992 -7.6194
-38.6367 -7.5346
-38.6322 -7.4587
-38.5831 -7.4275
-38.5340 -7.2935
-38.5474 -7.2355
-38.6010 -7.2221
-38.6769 -7.1596
-38.6858 -7.0302
-38.7304 -7.0034
-38.7260 -6.8918
-38.6501 -6.8382
-38.6188 -6.7578
-38.6501 -6.6909
-38.5786 -6.4811
-38.5251 -6.3828

-54.6816 2.5108
-54.7349 2.4163
-54.7171 2.2645
-54.7885 2.1306
-54.7528 2.0815
-54.7930 2.0100
-54.7617 1.9699
-54.7662 1.8984
-54.7349 1.7734
-54.5787 1.7824
-54.4983 1.7467
-54.3644 1.7600
-54.2037 1.6574
-54.1724 1.6574
-54.0831 1.5413
-54.0787 1.5056
-54.0072 1.5234
-53.9224 1.4609
-53.8912 1.4074
-53.7572 1.3940
-53.7394 1.4341
-53.6590 1.4208
-53.6501 1.3627
-53.5563 1.3672
-53.5385 1.2422
-53.4403 1.2600
-53.4090 1.1842
-53.4671 1.1529
-53.4180 0.9431
-53.2662 0.7824
-53.1322 0.7511
-53.1144 0.7199
-53.1412 0.5368
-53.1278 0.3850
-53.0430 0.2466
-53.0072 0.1350
-53.0162 0.0547
-52.9760 -0.0167
-52.9135 -0.1909
-52.8287 -0.1819
-52.6992 -0.3025
-52.6278 -0.3962
-52.6322 -0.5569
-52.6055 -0.6105
-52.5251 -0.6462
-52.5072 -0.7310
-52.5162 -0.8739
-52.4001 -0.8694
-52.3688 -0.9230
-52.3912 -0.9542
-52.3599 -1.0703
-52.2394 -1.1462
-52.1322 -1.1507
-52.0519 -1.1775
-51.9849 -1.1418
-51.8876 -1.1603

-58.8689 0.2243
-58.8510 -0.0837
-58.8644 -0.1730
-58.8555 -0.3516
-58.7394 -0.4319
-58.7483 -0.6239
-58.7037 -0.6953
-58.6278 -0.7668
-58.5697 -0.7623
-58.4403 -0.8605
-58.3912 -1.0480
-58.3153 -1.1194
-58.2528 -1.1284
-58.1590 -1.2355
-58.0831 -1.2980
-57.9805 -1.3471
-57.9001 -1.4230
-57.8287 -1.4453
-57.6546 -1.5882
-57.5653 -1.6239
-57.4492 -1.6909
-57.3376 -1.7310
-57.2751 -1.7132
-57.2483 -1.7578
-57.1680 -1.7712
-57.0876 -1.8114
-57.0072 -1.9364
-56.8242 -2.0346
-56.7439 -2.0525
-56.7483 -2.1775
-56.6367 -2.2221
-56.4983 -2.1596
-56.4849 -2.2489
-56.4009 -2.3363
-56.3912 -2.3917
-56.7572 -3.1864
-58.2930 -6.4989
-58.3745 -6.5704
-58.4369 -6.6758
-58.4555 -6.7939
-58.3860 -6.9491
-58.2283 -7.1415
-58.1462 -7.2634
-58.1367 -7.3382

-50.2349 -9.8427
-51.2974 -9.7891
-55.0921 -9.5659
-56.4626 -9.4677
-56.4894 -9.4677
-56.6769 -9.3784
-56.7706 -9.3962
-56.8376 -9.2712
-56.9269 -9.2444
-57.0474 -9.2310
-57.0742 -9.1864
-57.0831 -9.0793
-57.1010 -9.0525
-57.2974 -8.9587
-57.4805 -8.7936
-57.5787 -8.7578
-57.6412 -8.6150
-57.6501 -8.4989
-57.6814 -8.4364
-57.6412 -8.2310
-57.7796 -8.0480
-57.8956 -7.6909
-57.9492 -7.6194
-57.9805 -7.5302
-58.0608 -7.4096
-58.1367 -7.3382

-41.8644 -20.7757
-41.8822 -20.7579
-41.8108 -20.6463
-41.8510 -20.6239
-41.7974 -20.5347
-41.7974 -20.4275
-41.8554 -20.3695
-41.7170 -20.2088
-41.4045 -20.2132
-41.3644 -20.1864
-41.3063 -19.9543
-41.1858 -19.8650
-41.1590 -19.6596
-41.0295 -19.5480
-41.0474 -19.4900
-40.9581 -19.4721
-40.9269 -19.2936
-40.9447 -19.1462
-41.0519 -19.0346
-41.0251 -18.9811
-41.1054 -18.8873
-41.1635 -18.9052
-41.2349 -18.8516
-41.1947 -18.8070
-41.0920 -18.8293
-40.9313 -18.8070
-40.9269 -18.6954
-41.0295 -18.6373
-41.0028 -18.4543
-41.0251 -18.4052
-41.1278 -18.3337
-41.1411 -18.2980
-41.0608 -18.1775
-41.0161 -18.1730
-40.9135 -18.1016
-40.8376 -18.1507
-40.7661 -18.1373
-40.7751 -18.0927
-40.9090 -17.9721
-40.7885 -17.9721
-40.7260 -17.9454
-40.6679 -17.9543
-40.5340 -17.9007
-40.4760 -17.9275
-40.4269 -17.8918
-40.2170 -17.9721

-40.2170 -17.9721
-40.2081 -17.9766

-61.6099 -8.7668
-58.5474 -8.7489
-58.4715 -8.6909
-58.4266 -8.5230
-58.3971 -8.4156
-58.3544 -8.2759
-58.3288 -8.0505
-58.3536 -7.9059
-58.3304 -7.7801
-58.2594 -7.6732
-58.2238 -7.5747
-58.2238 -7.4846
-58.2019 -7.4146
-58.1367 -7.3382

-53.0519 -18.0168
-53.0653 -18.0212

-40.2081 -17.9766
-40.1858 -18.0078
-39.6724 -18.3248

-50.4849 -12.8427
-50.5660 -12.8197
-50.6140 -12.7635
-50.6554 -12.6670
-50.6605 -12.5583
-50.6293 -12.4374
-50.6317 -12.2886
-50.6675 -12.1121
-50.6748 -11.9900
-50.6535 -11.9223
-50.6614 -11.8536
-50.7174 -11.7491
-50.6658 -11.6519
-50.6712 -11.5738
-50.7166 -11.4827
-50.7079 -11.3457
-50.6451 -11.1628
-50.6103 -11.0009
-50.5992 -10.6899
-50.5508 -10.5673
-50.4546 -10.3885
-50.4028 -10.2583
-50.3953 -10.1767
-50.3375 -10.0345
-50.2349 -9.8427
-50.1753 -9.7302
-50.0842 -9.4219
-49.9791 -9.2202
-49.8299 -9.0220
-49.7079 -8.8951
-49.6130 -8.8391
-49.5028 -8.7087
-49.5028 -8.7087
-49.3791 -8.4983
-49.2827 -8.3014
-49.2268 -8.1395
-49.1900 -7.9949
-49.1723 -7.8674
-49.2203 -7.7521
-49.3340 -7.6491
-49.3404 -7.5100
-49.2397 -7.3348
-49.1951 -7.1686
-49.2098 -7.0056
-49.0796 -6.8562
-48.8054 -6.7183
-48.6529 -6.5958
-48.6219 -6.4886
-48.5801 -6.4141
-48.5273 -6.3722
-48.4707 -6.3533
-48.4102 -6.3575
-48.3912 -6.3089
-48.4138 -6.2074
-48.3898 -6.1419
-48.3194 -6.1124
-48.2966 -6.0673
-48.3212 -6.0066
-48.3072 -5.9659
-48.2543 -5.9452
-48.2453 -5.8886
-48.2800 -5.7959
-48.2586 -5.7237
-48.1812 -5.6720
-48.1593 -5.6192
-48.1927 -5.5655
-48.2314 -5.5333
-48.2754 -5.5225
-48.3173 -5.4862
-48.3571 -5.4244
-48.4217 -5.3984
-48.5111 -5.4081
-48.5976 -5.3986
-48.7231 -5.3554
-48.6305 -5.3304
-48.5743 -5.2882
-48.5236 -5.2204
-48.4582 -5.1809
-48.3780 -5.1695
-48.2816 -5.1894
-48.1690 -5.2407
-48.0594 -5.2630
-47.9531 -5.2564
-47.8846 -5.2856
-47.8540 -5.3507
-47.7633 -5.4072
-47.6124 -5.4550
-47.5199 -5.5064
-47.4858 -5.5613
-47.4448 -5.7500
-47.3970 -6.0725
-47.4056 -6.4211
-47.4705 -6.7960
-47.5372 -7.0272
-47.6057 -7.1147
-47.6653 -7.1672
-47.7160 -7.1847
-47.7172 -7.2222
-47.6689 -7.2798
-47.6118 -7.3016
-47.5458 -7.2876
-47.5069 -7.3058
-47.4951 -7.3562
-47.4983 -7.4498
-47.4581 -7.5346
-47.4135 -7.5302
-47.3465 -7.6596
-47.3034 -7.6630
-47.2795 -7.7311
-47.1501 -7.8561
-47.0787 -7.9766
-47.0162 -8.0436
-46.9849 -8.0391
-46.8688 -7.9587
-46.7438 -7.9230
-46.5742 -7.9052
-46.4894 -7.9632
-46.4670 -8.0703
-46.5028 -8.1730
-46.5072 -8.2757
-46.5429 -8.3203
-46.5028 -8.3962
-46.6590 -8.3962
-46.7929 -8.4364
-46.8376 -8.4855
-46.8822 -8.5837
-46.9224 -8.7444
-46.9046 -8.8293
-47.0653 -8.9766
-47.0831 -9.0346
-47.0385 -9.0659
-46.9403 -9.0703
-46.8465 -9.1686
-46.8287 -9.3069
-46.7528 -9.4096
-46.5608 -9.4989
-46.5340 -9.5569
-46.6010 -9.6507
-46.6501 -9.6641
-46.6679 -9.7445
-46.5072 -9.8561
-46.4626 -9.9498
-46.4715 -10.0034
-46.3465 -10.1685
-46.2840 -10.1864
-46.1903 -10.1775
-46.0876 -10.2087
-46.0340 -10.2712
-45.9447 -10.3159

-48.7215 -5.3561
-48.7304 -5.3382
-48.2528 -4.9543
-47.8019 -4.5971
-47.6546 -4.6060
-47.5831 -4.5480
-47.4894 -4.4230
-47.4581 -4.3382
-47.3822 -4.2757
-47.3331 -4.1641
-47.3108 -4.0659
-47.2885 -4.0792
-47.0653 -3.8426
-47.0251 -3.5971
-47.0296 -3.5703
-46.9671 -3.5257
-46.9447 -3.3962
-46.8599 -3.3293
-46.8242 -3.3293
-46.7438 -3.1909
-46.6679 -3.0927
-46.6367 -2.9855
-46.6501 -2.9141
-46.5742 -2.8471
-46.6679 -2.7400
-46.6010 -2.6641
-46.5072 -2.6150
-46.4849 -2.5480
-46.4269 -2.5123
-46.4358 -2.4096
-46.4090 -2.3873
-46.4135 -2.2400
-46.3778 -2.2534
-46.2796 -2.1418
-46.2126 -1.9275
-46.2170 -1.8069
-46.3019 -1.8025
-46.3153 -1.7310
-46.2438 -1.7221
-46.1992 -1.6775
-46.1813 -1.5748
-46.1992 -1.4855
-46.1233 -1.3471
-46.1590 -1.3159
-46.1412 -1.2400
-46.0063 -1.1461

-45.9447 -10.3159
-45.9358 -10.2132
-45.9537 -10.1820
-45.9001 -10.0837
-45.9001 -10.0257
-45.8599 -9.9989
-45.8599 -9.8337
-45.8376 -9.5346
-45.7974 -9.4632
-45.8286 -9.3739
-45.8956 -9.3293
-45.9045 -9.1775
-45.9358 -9.1194
-45.9403 -9.0123
-45.9804 -8.9275
-45.9269 -8.7891
-45.8197 -8.6998
-45.7528 -8.5614
-45.7349 -8.4319
-45.6590 -8.3114
-45.6545 -8.2534
-45.5787 -8.1507
-45.5429 -7.8694
-45.4715 -7.6730
-45.2974 -7.5569
-45.0251 -7.4945
-44.9090 -7.4453
-44.8153 -7.3650
-44.7126 -7.3962
-44.5786 -7.2489
-44.4492 -7.1462
-44.3063 -7.1105
-44.2572 -7.0078
-44.1679 -6.9230
-44.1635 -6.8873
-44.0920 -6.8069
-44.0608 -6.8293
-44.0385 -6.7668
-43.9536 -6.7623
-43.8153 -6.7087
-43.6769 -6.6998
-43.5608 -6.7534
-43.4626 -6.8427
-43.3019 -6.8025
-43.1992 -6.7534
-43.1322 -6.7802
-42.9804 -6.7444
-42.9179 -6.6685
-42.9135 -6.6150
-42.8554 -6.4811
-42.8688 -6.4364
-42.8510 -6.2534
-42.9626 -6.1864
-43.0028 -6.1239
-43.0742 -6.0569
-43.1099 -5.7712
-43.0831 -5.7132
-43.1010 -5.6239
-43.0474 -5.5971
-42.9135 -5.3918
-42.8331 -5.3114
-42.8063 -5.1596
-42.8331 -5.0971
-42.8554 -4.9364
-42.9045 -4.8293
-42.9536 -4.7757
-42.9313 -4.7310
-42.9492 -4.6596
-42.9135 -4.6373
-42.8644 -4.4989
-42.8956 -4.4051
-42.9536 -4.3918
-42.9894 -4.2400
-42.8911 -4.1418
-42.8510 -4.0391
-42.7349 -3.9230
-42.6635 -3.7891
-42.6769 -3.6998
-42.6277 -3.6150
-42.5742 -3.5703
-42.5028 -3.4498
-42.4536 -3.4766
-42.3644 -3.4498
-42.2170 -3.4319
-42.1010 -3.3025
-42.1054 -3.2623
-42.0027 -3.2310
-41.9224 -3.1105
-41.8420 -3.0346
-41.8153 -2.9364
-41.8688 -2.8516
-41.8311 -2.6791

-41.3688 -8.7132
-41.3242 -8.7355
-41.1590 -8.7087
-41.1054 -8.7177
-41.1010 -8.7757
-41.0039 -8.7813
-40.9804 -8.8159
-40.8911 -8.8561
-40.8911 -9.0346
-40.8554 -9.0927
-40.8510 -9.1507
-40.7036 -9.2177
-40.6903 -9.3427
-40.7438 -9.4230
-40.6858 -9.4721
-40.5647 -9.4602
-40.4126 -9.3969
-40.3197 -9.2931
-40.2732 -9.1450
-40.2123 -9.1016
-40.0777 -9.0883
-40.0050 -9.0581
-39.9488 -9.0220
-39.9092 -8.9802
-39.8878 -8.9240
-39.8847 -8.8533
-39.8348 -8.8090
-39.7384 -8.7912
-39.6877 -8.7493
-39.6828 -8.6829
-39.6008 -8.6196
-39.4417 -8.5592
-39.3328 -8.5658
-39.2566 -8.6404
-39.0982 -8.7149
-38.8350 -8.8003
-38.7055 -8.8799
-38.6677 -8.8960
-38.6192 -8.8960
-38.5775 -8.8605
-38.5443 -8.8311
-38.5047 -8.8350
-38.4840 -8.8777
-38.4822 -8.9595
-38.4329 -9.0036
-38.3360 -9.0103
-38.2942 -9.0430
-38.3076 -9.1021
-38.2832 -9.2036
-38.2211 -9.3477
-37.9758 -9.5122
-37.9382 -9.5379
-37.4256 -9.7784
-37.1962 -9.8858
-37.0192 -9.9571
-36.9564 -10.0136
-36.9397 -10.0837
-36.8798 -10.1537
-36.7767 -10.2236
-36.6990 -10.2573
-36.6475 -10.2540
-36.6070 -10.2929
-36.5799 -10.3714
-36.5385 -10.4106
-36.4825 -10.4106
-36.4825 -10.4106
-36.4824 -10.4107
-36.4821 -10.4108
-36.4818 -10.4110
-36.4814 -10.4112
-36.4810 -10.4114
-36.4804 -10.4117
-36.4798 -10.4120
-36.4792 -10.4124
-36.4784 -10.4128
-36.4776 -10.4132
-36.4768 -10.4137
-36.4759 -10.4142
-36.4750 -10.4147
-36.4740 -10.4152
-36.4730 -10.4157
-36.4719 -10.4163
-36.4709 -10.4169
-36.4697 -10.4175
-36.4686 -10.4181
-36.4675 -10.4187
-36.4663 -10.4194
-36.4651 -10.4200
-36.4639 -10.4206
-36.4628 -10.4213
-36.4616 -10.4219
-36.4604 -10.4226
-36.4592 -10.4232
-36.4580 -10.4238
-36.4569 -10.4244
-36.4558 -10.4251
-36.4547 -10.4257
-36.4536 -10.4262
-36.4525 -10.4268
-36.4515 -10.4274
-36.4505 -10.4279
-36.4496 -10.4284
-36.4487 -10.4289
-36.4479 -10.4293
-36.4471 -10.4298
-36.4463 -10.4301
-36.4457 -10.4305
-36.4451 -10.4308
-36.4445 -10.4311
-36.4441 -10.4314
-36.4437 -10.4316
-36.4434 -10.4318
-36.4431 -10.4319
-36.4430 -10.4320
-36.4430 -10.4320
-36.4430 -10.4320
-36.4319 -10.4528

-40.2081 -17.9766
-40.2304 -17.9186
-40.1858 -17.8159
-40.2081 -17.7668
-40.2840 -17.7177
-40.3822 -17.6239
-40.4135 -17.5570
-40.4804 -17.5570
-40.4983 -17.4186
-40.6099 -17.3918
-40.6054 -17.3114
-40.5653 -17.2623
-40.5742 -17.1328
-40.5251 -16.9320
-40.4715 -16.8695
-40.2974 -16.8784
-40.2438 -16.8338
-40.2840 -16.7445
-40.2751 -16.6150
-40.2527 -16.5659
-40.1367 -16.5436
-40.1322 -16.5034
-40.0563 -16.3962
-39.9403 -16.3114
-39.8644 -16.1105
-39.9358 -15.9989
-40.0028 -15.9945
-40.1322 -15.8918
-40.1679 -15.8962
-40.2349 -15.8204
-40.3286 -15.8248
-40.4760 -15.7757
-40.5340 -15.7980
-40.5742 -15.7578
-40.6679 -15.7177
-40.7617 -15.7400
-40.8286 -15.6820
-40.8911 -15.6954
-40.9447 -15.6730
-41.0295 -15.7355
-41.1590 -15.7802
-41.3331 -15.7177
-41.3599 -15.4945
-41.8019 -15.1105
-41.9403 -15.1730
-42.0876 -15.1820
-42.1769 -15.1061
-42.2617 -15.1061
-42.4313 -15.0346
-42.5787 -14.9320
-42.6322 -14.9409
-42.8911 -14.7489
-42.9536 -14.6775
-43.2304 -14.6373
-43.3867 -14.6998
-43.4492 -14.7802
-43.4938 -14.7891
-43.7081 -14.7355
-43.8242 -14.6954
-43.8644 -14.6596
-43.8795 -14.6245
-43.8795 -14.6244
-43.8794 -14.6241
-43.8793 -14.6236
-43.8791 -14.6229
-43.8790 -14.6220
-43.8787 -14.6209
-43.8785 -14.6197
-43.8782 -14.6183
-43.8779 -14.6168
-43.8775 -14.6151
-43.8772 -14.6133
-43.8768 -14.6114
-43.8764 -14.6094
-43.8759 -14.6073
-43.8755 -14.6050
-43.8750 -14.6027
-43.8745 -14.6003
-43.8740 -14.5979
-43.8735 -14.5954
-43.8729 -14.5928
-43.8724 -14.5902
-43.8718 -14.5875
-43.8713 -14.5848
-43.8707 -14.5821
-43.8702 -14.5794
-43.8696 -14.5767
-43.8691 -14.5740
-43.8685 -14.5714
-43.8680 -14.5687
-43.8674 -14.5661
-43.8669 -14.5635
-43.8664 -14.5610
-43.8658 -14.5585
-43.8654 -14.5561
-43.8649 -14.5538
-43.8644 -14.5516
-43.8640 -14.5495
-43.8636 -14.5474
-43.8632 -14.5455
-43.8628 -14.5437
-43.8624 -14.5421
-43.8621 -14.5405
-43.8618 -14.5392
-43.8616 -14.5379
-43.8614 -14.5369
-43.8612 -14.5360
-43.8610 -14.5353
-43.8609 -14.5348
-43.8609 -14.5344
-43.8609 -14.5344
-43.8609 -14.5344
-43.8000 -14.3699
-43.7814 -14.3429
-43.8376 -14.3159
-44.1590 -14.2712
-44.2126 -14.2400
-44.3197 -14.2445
-44.3599 -14.2712
-44.5608 -14.3471
-44.8376 -14.5168
-44.8822 -14.5971
-45.1010 -14.7177
-45.2260 -14.7400
-45.3197 -14.8561
-45.4626 -14.9409
-45.5519 -14.9364
-45.6545 -15.0436
-45.7126 -15.1239
-45.7661 -15.1463
-45.9269 -15.1284
-45.9670 -15.1864
-46.0742 -15.2489
-45.9760 -14.9855
-46.0251 -14.8694

-44.8331 -22.4052
-44.7304 -22.3605
-44.6635 -22.3695
-44.6010 -22.3159
-44.5340 -22.3025
-44.4447 -22.2534
-44.2929 -22.2400
-44.2170 -22.2489
-44.0920 -22.1730
-43.8956 -22.1061
-43.8153 -22.0659
-43.5653 -22.0659
-43.4626 -22.0570
-43.3420 -22.0034
-43.1322 -22.0257
-43.0634 -22.0635
-42.2795 -21.7132
-42.2840 -21.6418
-42.3688 -21.6329
-42.3644 -21.5927
-42.3019 -21.4855
-42.2974 -21.4052
-42.2215 -21.3382
-42.1813 -21.1641
-42.0965 -21.0034
-42.1411 -20.9632
-42.0965 -20.9230
-41.9983 -20.9320
-41.9626 -20.9096
-41.9269 -20.8293

-44.8331 -22.4052
-44.9224 -22.4498
-45.0563 -22.4677
-45.2438 -22.5614
-45.2706 -22.6061
-45.4090 -22.6463
-45.4710 -22.6116
-45.5295 -22.6507
-45.5831 -22.6150
-45.6298 -22.6227
-45.6724 -22.6195
-45.8019 -22.6998
-45.7438 -22.7266
-45.7438 -22.7981
-45.7929 -22.8516
-45.8599 -22.8605
-45.9090 -22.8204
-46.0206 -22.8739
-46.1456 -22.8918
-46.1545 -22.8471
-46.2885 -22.8829
-46.3599 -22.8427
-46.3688 -22.7489
-46.4715 -22.6820
-46.3956 -22.6150
-46.4537 -22.5168
-46.5429 -22.4722
-46.5474 -22.4409
-46.6412 -22.4096
-46.6992 -22.3204
-46.6635 -22.2043
-46.6010 -22.1329
-46.6590 -22.0525
-46.6188 -21.9856
-46.6590 -21.9052
-46.6679 -21.8114
-46.6278 -21.7713
-46.6054 -21.6820
-46.5608 -21.6730
-46.4938 -21.5257
-46.5072 -21.4588
-46.6054 -21.4275
-46.6545 -21.3739
-46.6858 -21.3962
-46.8153 -21.3605
-46.8956 -21.4052
-47.0028 -21.4007
-46.9938 -21.3427
-47.0563 -21.1954
-47.1233 -21.1329
-47.1456 -20.9811
-47.2215 -20.9141
-47.2126 -20.8070
-47.1099 -20.6329
-47.1545 -20.5257
-47.2528 -20.4766
-47.2929 -20.4230
-47.2662 -20.2847
-47.2349 -20.2043
-47.2444 -20.1739
-47.3290 -20.1175
-47.4278 -20.0362
-47.4599 -20.0010
-47.5178 -19.9943
-47.5942 -20.0186
-47.6558 -20.0227
-47.6955 -19.9910
-47.7497 -19.9770
-47.8185 -19.9807
-47.8601 -20.0119
-47.8617 -20.0556
-47.9088 -20.0818
-47.9911 -20.0828
-48.0511 -20.1202
-48.1095 -20.1166
-48.1784 -20.0828
-48.2533 -20.0930
-48.3637 -20.1383
-48.7157 -20.1439
-48.8120 -20.1590
-48.8584 -20.2328
-48.8870 -20.3701
-48.9184 -20.4292
-48.9525 -20.4101
-48.9780 -20.3382
-48.9947 -20.2137
-49.0397 -20.1874
-49.1128 -20.2593
-49.1662 -20.2950
-49.1998 -20.2944
-49.2389 -20.2456
-49.2836 -20.1486
-49.2881 -20.0736
-49.2587 -20.0170
-49.2785 -19.9871
-49.3772 -19.9784
-50.3644 -19.8585
-50.4337 -19.8002
-50.4886 -19.7909
-50.5841 -19.8212
-50.9938 -20.1016

-50.9938 -20.1016
-51.0639 -20.2230
-51.1608 -20.3066
-51.3971 -20.4418
-51.5343 -20.5577
-51.5932 -20.6665
-51.6191 -20.8069
-51.6919 -20.9438
-51.8115 -21.0772
-51.8664 -21.1826
-51.8566 -21.2600
-51.8729 -21.3297
-51.9364 -21.4228
-51.9548 -21.4695
-51.9898 -21.4937
-52.0476 -21.5110
-52.0726 -21.5541
-52.0650 -21.6228
-52.1226 -21.7183
-52.2456 -21.8403
-52.3389 -21.9573
-52.4026 -22.0691
-52.5660 -22.2074
-52.9608 -22.4548
-53.1163 -22.6400
-53.2723 -22.7519
-53.4808 -22.8524
-53.6201 -23.0010
-53.6773 -23.1735
-53.7711 -23.3223
-53.9075 -23.4069
-53.9955 -23.5702
-54.0501 -23.8229
-54.1247 -23.9784
-54.2426 -24.0470

-51.0028 -22.7936
-51.1813 -22.7400
-51.3555 -22.6507
-51.5474 -22.6864
-51.6412 -22.6507
-51.6947 -22.6641
-51.7438 -22.6195
-51.8733 -22.6105
-51.9849 -22.5481
-52.0653 -22.5212
-52.1412 -22.5436
-52.1635 -22.6016
-52.2171 -22.6418
-52.2617 -22.6016
-52.3153 -22.6195
-52.4447 -22.6016
-52.5206 -22.6150
-52.6144 -22.5704
-52.6947 -22.6016
-52.9492 -22.5704
-53.0445 -22.6364
-53.1163 -22.6400

-48.0876 -25.2801
-48.0921 -25.2356
-48.1858 -25.1909
-48.2304 -25.0123
-48.2662 -25.0347
-48.4135 -24.9588
-48.5117 -25.0838
-48.5653 -25.0570
-48.5429 -24.8114
-48.4894 -24.7445
-48.6144 -24.6820
-48.7796 -24.6954
-48.8287 -24.6641
-49.0251 -24.6686
-49.0921 -24.6864
-49.2171 -24.6909
-49.2974 -24.6641
-49.3108 -24.5302
-49.2394 -24.4186
-49.2260 -24.3382
-49.2751 -24.3159
-49.3376 -24.2132
-49.3331 -24.1418
-49.4090 -24.0838
-49.6010 -23.8650
-49.5697 -23.8338
-49.5519 -23.7132
-49.6054 -23.6418
-49.6546 -23.5079
-49.6144 -23.4096
-49.6367 -23.2579
-49.7304 -23.1061
-49.9090 -23.0347
-49.9135 -22.9856
-49.9581 -22.9632
-49.9715 -22.9141
-50.1233 -22.9409
-50.2929 -22.9543
-50.3688 -22.9141
-50.4313 -22.9454
-50.6278 -22.9230
-50.7260 -22.9498
-50.7840 -22.9454
-50.8822 -22.8204
-51.0028 -22.7936

-53.0653 -18.0212
-53.1456 -18.0302
-53.3064 -17.9989
-53.4938 -18.0123
-53.6055 -17.9945
-53.7260 -18.0078
-53.8689 -17.9454
-53.9760 -17.9320
-53.9894 -17.9007
-53.8599 -17.6909
-53.7528 -17.6418
-53.6813 -17.2579
-53.7438 -17.2534
-53.8197 -17.3070
-53.9492 -17.4587
-54.0385 -17.5123
-54.0831 -17.5882
-54.1456 -17.6284
-54.2349 -17.6373
-54.3197 -17.6730
-54.3912 -17.6730
-54.4224 -17.5793
-54.5251 -17.5123
-54.6992 -17.5168
-54.7796 -17.5570
-54.8108 -17.6016
-54.9001 -17.6507
-55.0742 -17.6820
-55.1814 -17.6864
-55.3376 -17.5837
-55.5340 -17.5034
-55.6099 -17.3918
-55.7885 -17.3516
-55.8331 -17.3114
-55.9849 -17.2668
-56.0251 -17.2132
-56.1010 -17.1864
-56.2483 -17.2177
-56.3287 -17.2846
-56.4358 -17.3204
-56.4894 -17.3025
-56.6680 -17.3204
-56.7452 -17.3168
-56.7899 -17.3860
-56.8875 -17.5179
-56.9802 -17.5947
-57.0797 -17.7343
-57.1985 -17.8124
-57.3699 -17.8757
-57.4193 -17.8821
-57.4715 -17.9007
-57.4939 -17.8695
-57.6010 -17.8159
-57.6323 -17.7400
-57.7529 -17.7346

-53.0519 -18.0168
-53.1151 -17.8548
-53.2113 -17.4092
-53.2026 -17.3042
-53.1582 -17.2087
-53.0779 -17.0947
-53.0332 -16.9952
-53.0241 -16.9103
-52.9427 -16.8136
-52.7891 -16.7050
-52.6799 -16.5760
-52.6144 -16.4275
-52.6814 -16.3605
-52.6680 -16.2891
-52.5340 -16.2266
-52.5385 -16.1686
-52.4167 -16.0824
-52.3618 -16.0582
-52.3084 -16.0093
-52.2566 -15.9356
-52.1423 -15.8726
-51.9615 -15.8191
-51.8473 -15.7471
-51.7985 -15.6562
-51.7788 -15.5927
-51.7883 -15.5569
-51.7727 -15.5228
-51.7320 -15.4905
-51.6960 -15.4032
-51.6647 -15.2612
-51.5898 -15.1415
-51.4714 -15.0441
-51.2864 -15.0028
-51.2463 -15.0044
-51.1887 -14.9765
-51.1143 -14.8378
-50.9775 -14.4633

138.0018 -16.5566
138.0021 -25.9989

129.0020 -25.9989
129.0020 -14.8706

138.0021 -25.9989
129.0020 -25.9989

141.0021 -28.9990
141.0021 -25.9989
138.0021 -25.9989

129.0020 -31.6932
129.0020 -25.9989

140.9969 -34.0155
140.9682 -34.0052
140.9664 -38.0716

141.0021 -28.9990
148.9743 -28.9985
148.9932 -28.9861
148.9933 -28.9860
148.9935 -28.9858
148.9939 -28.9855
148.9944 -28.9850
148.9950 -28.9845
148.9958 -28.9838
148.9967 -28.9830
148.9977 -28.9821
148.9988 -28.9811
148.9999 -28.9800
149.0012 -28.9789
149.0026 -28.9776
149.0041 -28.9763
149.0056 -28.9749
149.0072 -28.9735
149.0089 -28.9720
149.0106 -28.9704
149.0124 -28.9688
149.0142 -28.9672
149.0160 -28.9655
149.0179 -28.9638
149.0198 -28.9621
149.0217 -28.9604
149.0237 -28.9586
149.0256 -28.9569
149.0275 -28.9551
149.0295 -28.9534
149.0314 -28.9517
149.0333 -28.9499
149.0352 -28.9482
149.0370 -28.9466
149.0389 -28.9449
149.0406 -28.9433
149.0423 -28.9418
149.0440 -28.9403
149.0456 -28.9389
149.0471 -28.9375
149.0486 -28.9362
149.0500 -28.9349
149.0513 -28.9338
149.0525 -28.9327
149.0536 -28.9317
149.0545 -28.9308
149.0554 -28.9300
149.0562 -28.9293
149.0568 -28.9287
149.0573 -28.9283
149.0577 -28.9280
149.0580 -28.9277
149.0580 -28.9277
149.0580 -28.9277
149.0815 -28.8748
149.1740 -28.8065
149.3353 -28.7227
149.4331 -28.6566
149.4671 -28.6081
149.5118 -28.5793
149.5959 -28.5659
149.6769 -28.6119
149.8526 -28.6044
150.1495 -28.5581
150.3408 -28.5639
150.4696 -28.6504
150.7123 -28.6389
150.8563 -28.6601
150.9825 -28.7100
151.0496 -28.7582
151.0578 -28.8048
151.1181 -28.8513
151.2308 -28.8976
151.3029 -28.9820
151.3347 -29.1043
151.3929 -29.1395
151.4775 -29.0874
151.5284 -29.0349
151.5540 -28.9553
151.7298 -28.8873
151.7610 -28.9454
151.8235 -28.9722
151.8548 -28.9186
151.9351 -28.9231
152.0244 -28.8739
152.0691 -28.7043
152.0066 -28.6373
151.9664 -28.5347
152.1628 -28.4365
152.2164 -28.4365
152.2923 -28.3873
152.4128 -28.3427
152.4932 -28.2624
152.5701 -28.3225
152.6093 -28.2936
152.7521 -28.3561
152.8459 -28.3248
153.1182 -28.3516
153.1941 -28.2579
153.3816 -28.2355
153.5156 -28.1441

148.7699 -35.4945
148.7744 -35.6374
148.7923 -35.7088
148.8503 -35.7490
148.8905 -35.7445
148.8994 -35.8204
148.9485 -35.8873
149.0512 -35.9142
149.1048 -35.8293
149.0869 -35.6106
149.1271 -35.5838
149.1494 -35.5079
149.1405 -35.4409
149.1851 -35.3829
149.2789 -35.3472
149.3682 -35.3561
149.4039 -35.3293
149.2566 -35.2713
149.1941 -35.2177
149.1896 -35.1775
149.1048 -35.1463
148.8280 -35.3115
148.7699 -35.4945

141.0021 -28.9990
141.0256 -34.0432

149.9441 -37.5012
148.2164 -36.8026
148.1327 -36.7773
148.1615 -36.7303
148.1969 -36.6250
148.1465 -36.5458
148.0341 -36.1809
147.9748 -36.0457
147.9313 -36.0186
147.7625 -35.9558
147.6742 -35.9536
147.5912 -35.9823
147.5382 -35.9838
147.5017 -35.9586
147.4581 -35.9545
147.4073 -35.9712
147.4073 -35.9712
147.4071 -35.9713
147.4069 -35.9715
147.4067 -35.9718
147.4063 -35.9721
147.4059 -35.9725
147.4054 -35.9729
147.4049 -35.9734
147.4042 -35.9740
147.4036 -35.9746
147.4029 -35.9752
147.4021 -35.9759
147.4013 -35.9767
147.4004 -35.9774
147.3996 -35.9782
147.3986 -35.9791
147.3977 -35.9799
147.3967 -35.9808
147.3957 -35.9817
147.3947 -35.9827
147.3936 -35.9836
147.3926 -35.9846
147.3915 -35.9855
147.3904 -35.9865
147.3894 -35.9875
147.3883 -35.9885
147.3872 -35.9895
147.3862 -35.9904
147.3851 -35.9914
147.3841 -35.9923
147.3830 -35.9933
147.3820 -35.9942
147.3811 -35.9951
147.3801 -35.9959
147.3792 -35.9968
147.3783 -35.9976
147.3775 -35.9983
147.3766 -35.9991
147.3759 -35.9998
147.3752 -36.0004
147.3745 -36.0010
147.3739 -36.0016
147.3734 -36.0021
147.3729 -36.0025
147.3725 -36.0029
147.3721 -36.0032
147.3718 -36.0035
147.3716 -36.0036
147.3715 -36.0038
147.3715 -36.0038
147.3715 -36.0038
147.3505 -36.0522
147.3231 -36.0689
147.2718 -36.0491
147.1572 -36.0355
147.1000 -36.0503
147.0467 -36.1061
146.8961 -36.1000
146.7463 -36.0613
146.5896 -36.0048
146.4703 -35.9936
146.4029 -36.0331
146.3246 -36.0537
146.2164 -36.0570
146.0384 -36.0168
145.8152 -35.9773
145.6923 -35.9310
145.5882 -35.8631
145.4323 -35.8347
145.4321 -35.8347
145.4313 -35.8347
145.4301 -35.8348
145.4285 -35.8349
145.4265 -35.8350
145.4240 -35.8351
145.4212 -35.8352
145.4180 -35.8354
145.4145 -35.8356
145.4107 -35.8358
145.4065 -35.8360
145.4021 -35.8363
145.3974 -35.8365
145.3925 -35.8368
145.3874 -35.8370
145.3821 -35.8373
145.3765 -35.8376
145.3709 -35.8379
145.3651 -35.8382
145.3591 -35.8386
145.3531 -35.8389
145.3470 -35.8392
145.3408 -35.8395
145.3346 -35.8399
145.3284 -35.8402
145.3221 -35.8405
145.3159 -35.8409
145.3097 -35.8412
145.3036 -35.8415
145.2976 -35.8418
145.2917 -35.8421
145.2859 -35.8425
145.2802 -35.8428
145.2747 -35.8431
145.2693 -35.8433
145.2642 -35.8436
145.2593 -35.8439
145.2546 -35.8441
145.2502 -35.8444
145.2461 -35.8446
145.2422 -35.8448
145.2387 -35.8450
145.2355 -35.8451
145.2327 -35.8453
145.2303 -35.8454
145.2282 -35.8455
145.2266 -35.8456
145.2254 -35.8457
145.2244 -35.8457
145.2244 -35.8457
145.2243 -35.8457
145.2238 -35.8458
145.2230 -35.8459
145.2219 -35.8460
145.2205 -35.8462
145.2188 -35.8464
145.2169 -35.8466
145.2147 -35.8469
145.2123 -35.8471
145.2097 -35.8474
145.2069 -35.8478
145.2039 -35.8481
145.2007 -35.8485
145.1974 -35.8489
145.1939 -35.8493
145.1903 -35.8497
145.1865 -35.8501
145.1827 -35.8506
145.1787 -35.8510
145.1747 -35.8515
145.1706 -35.8520
145.1664 -35.8524
145.1622 -35.8529
145.1580 -35.8534
145.1538 -35.8539
145.1495 -35.8544
145.1453 -35.8549
145.1411 -35.8554
145.1369 -35.8559
145.1328 -35.8563
145.1288 -35.8568
145.1249 -35.8573
145.1210 -35.8577
145.1172 -35.8581
145.1136 -35.8586
145.1101 -35.8590
145.1068 -35.8594
145.1036 -35.8597
145.1006 -35.8601
145.0978 -35.8604
145.0952 -35.8607
145.0928 -35.8610
145.0906 -35.8612
145.0887 -35.8614
145.0870 -35.8616
145.0856 -35.8618
145.0845 -35.8619
145.0837 -35.8620
145.0831 -35.8621
145.0831 -35.8621
145.0831 -35.8621
145.0083 -35.8839
144.9616 -35.9225
144.9429 -35.9779
144.9440 -36.0285
144.9648 -36.0746
144.9164 -36.1069
144.7992 -36.1256
144.6684 -36.0880
144.5243 -35.9941
144.4275 -35.9047
144.3782 -35.8204
144.2897 -35.7298
144.1631 -35.6345
143.9713 -35.5283
143.7142 -35.4114
143.5846 -35.3270
143.5836 -35.2791
143.5404 -35.2341
143.4588 -35.2034
143.4045 -35.1679
143.3773 -35.1274
143.3628 -35.0320
143.3610 -34.8815
143.3255 -34.7880
143.2212 -34.7332
142.9650 -34.6914
142.8575 -34.6551
142.8123 -34.6066
142.7737 -34.5876
142.7418 -34.5980
142.7050 -34.6493
142.6634 -34.7415
142.6188 -34.7835
142.5714 -34.7751
142.5071 -34.7115
142.4260 -34.5928
142.3881 -34.4846
142.3935 -34.3869
142.3734 -34.3328
142.3277 -34.3224
142.2874 -34.2859
142.2523 -34.2233
142.1578 -34.1732
141.9264 -34.1168
141.7609 -34.1117
141.6658 -34.1372
141.5859 -34.1915
141.4698 -34.1830
141.3176 -34.1117
141.1925 -34.0726
141.0944 -34.0657
141.0256 -34.0432
140.9969 -34.0155

150.7054 -35.1200
150.6360 -35.1463
150.6118 -35.1900

-66.8287 -9.8382
-66.6277 -9.9253

-84.3247 34.9881
-84.2870 35.2008
-84.2611 35.2496
-84.2325 35.2606
-84.1286 35.2614
-84.0623 35.2860
-84.0037 35.4141
-83.8713 35.5149
-83.8117 35.5403
-83.7227 35.5599
-83.5111 35.5841
-83.2842 35.6821
-83.1204 35.7746
-82.9902 35.8004
-82.9495 35.8345
-82.9203 35.8789
-82.9019 35.9392
-82.8877 35.9517
-82.8128 35.9474
-82.7556 35.9999
-82.7001 36.0298
-82.6449 36.0468
-82.6111 36.0474
-82.5981 36.0316
-82.5888 35.9870
-82.5768 35.9723
-82.5534 35.9710
-82.5211 35.9812
-82.4784 36.0101
-82.3682 36.0995
-82.2949 36.1340
-82.1825 36.1538
-82.1006 36.1065
-82.0514 36.1229
-81.9082 36.3064
-81.8512 36.3397
-81.8083 36.3527
-81.7341 36.3555
-81.7333 36.4059
-81.7076 36.4820
-81.7044 36.5340
-81.6589 36.6106

-74.6991 41.3573
-74.7778 41.3251
-74.8125 41.3015
-74.8414 41.2686
-74.9123 41.1553
-75.0315 41.0518
-75.1230 40.9990
-75.1227 40.9718
-75.0749 40.8845
-75.0756 40.8563
-75.1118 40.8021
-75.1747 40.7755
-75.1857 40.7438
-75.1923 40.6899
-75.1890 40.5958
-75.1705 40.5768
-75.0974 40.5431
-75.0340 40.4204
-74.9764 40.4058
-74.7349 40.1545
-74.9093 40.0795
-75.0235 40.0175
-75.0742 39.9835

-71.5175 45.0076
-71.5335 44.9880
-71.5102 44.9083
-71.6207 44.7719
-71.6183 44.7278
-71.5684 44.6076
-71.5715 44.5792
-71.5878 44.5653
-71.6093 44.5141
-71.6382 44.4817
-71.6830 44.4503
-71.8255 44.3741
-71.8677 44.3549
-72.0018 44.3295
-72.0312 44.3007
-72.0622 44.1164
-72.1062 44.0131
-72.1149 43.9654
-72.1739 43.8841
-72.2224 43.7909
-72.2967 43.7150
-72.3377 43.6220
-72.3624 43.5866
-72.3850 43.5292
-72.4071 43.3320
-72.4382 43.2246
-72.4737 43.0385
-72.4965 42.9917
-72.5194 42.9667
-72.5498 42.8867
-72.5528 42.8564
-72.5396 42.8296
-72.4837 42.7662
-72.4669 42.7303

-82.5890 38.4198
-82.5895 38.4203
-82.5995 38.4323

-82.6128 38.4482
-82.5895 38.4203

-81.9653 37.5397
-82.1035 37.5706
-82.2802 37.6872
-82.3939 37.8283
-82.4299 37.8942
-82.4719 37.9384
-82.4822 37.9836
-82.5888 38.0997
-82.6177 38.1499
-82.6195 38.1820
-82.5854 38.2427
-82.5784 38.2721
-82.5895 38.4203
-82.5895 38.4203

-81.9653 37.5397
-82.3432 37.2969
-82.5165 37.2088
-82.6816 37.1381
-82.6949 37.1262
-82.7319 37.0481
-82.8320 36.9793
-82.8945 36.9064
-83.0438 36.8456
-83.1502 36.7623
-83.4169 36.6810
-83.5662 36.6526
-83.6675 36.6050

-89.7353 31.0012
-89.7649 30.8861
-89.8354 30.7308
-89.8381 30.6904
-89.8197 30.6399
-89.8200 30.6112
-89.7940 30.5689
-89.7366 30.5266
-89.6858 30.4627
-89.6408 30.3489
-89.6290 30.2962
-89.5917 30.2230
-89.5725 30.2092
-89.5451 30.2007
-89.5209 30.1926

-96.5564 45.9428
-96.5705 46.0192
-96.5608 46.1382
-96.5919 46.2275
-96.5986 46.2719
-96.6174 46.3271
-96.7309 46.4728
-96.7582 46.5903
-96.7866 46.6482
-96.7960 46.7971
-96.7928 46.8390
-96.7701 46.9197
-96.8183 46.9741
-96.8253 47.0189
-96.8475 47.3733
-96.8629 47.4239
-96.8587 47.5883
-96.9463 47.7615
-96.9880 47.8203
-97.0090 47.8915
-97.0074 47.9256
-97.0785 48.0434
-97.1259 48.1734
-97.1216 48.2860
-97.1368 48.3712
-97.1310 48.4374
-97.1440 48.5368
-97.1291 48.5934
-97.1280 48.6811
-97.2260 48.9941

-94.0473 33.5544
-94.0988 33.5773
-94.1915 33.5890
-94.2385 33.5812
-94.2947 33.5875
-94.3326 33.5650
-94.3577 33.5610
-94.3780 33.5661
-94.3901 33.5856
-94.4320 33.5997
-94.4841 33.6484

-75.4210 39.8154
-75.5104 39.8434
-75.6346 39.8395
-75.6768 39.8272
-75.7091 39.8029
-75.7847 39.7224

-81.0873 35.1557
-81.0566 35.1455
-81.0469 35.1311
-81.0512 35.0890
-81.0452 35.0656

-82.7775 35.0866
-82.7440 35.0841
-82.6515 35.1280
-82.4640 35.1780
-82.3925 35.2109
-82.3561 35.2016

-120.0000 60.0011
-120.0001 59.6163
-120.0001 59.2314
-120.0002 58.8466
-120.0002 58.4618
-120.0003 58.0769
-120.0004 57.6921
-120.0004 57.3073
-120.0005 56.9224
-120.0006 56.5376
-120.0006 56.1528
-120.0007 55.7680
-120.0008 55.3831
-120.0008 54.9983
-120.0009 54.6135
-120.0010 54.2286
-120.0010 53.8438
-119.9727 53.7971
-119.9172 53.7699
-119.9044 53.7230
-119.8846 53.7079
-119.8116 53.6988
-119.7348 53.6337
-119.7431 53.6150
-119.8870 53.6147
-119.9182 53.6122
-119.9208 53.6023
-119.8961 53.5667
-119.8938 53.5155
-119.8551 53.5086
-119.8196 53.4910
-119.7233 53.3998
-119.6801 53.3706
-119.6477 53.3630
-119.5924 53.3725
-119.4349 53.3616
-119.3998 53.3525
-119.3088 53.2419
-119.2611 53.2095
-119.0455 53.1438
-119.0221 53.1394
-119.0161 53.2044
-118.9925 53.2356
-118.9144 53.2117
-118.8037 53.1534
-118.7736 53.1216
-118.7664 53.0654
-118.7315 53.0578
-118.6784 53.0259
-118.6682 52.9717
-118.6307 52.9094
-118.6055 52.8951
-118.5019 52.8884
-118.4769 52.8785
-118.4284 52.8355
-118.4129 52.7842
-118.3579 52.7419
-118.3302 52.7088
-118.3193 52.6745
-118.3503 52.6235
-118.2884 52.5623
-118.2663 52.5183
-118.2250 52.4827
-118.2467 52.4408
-118.2428 52.4089
-118.2210 52.3861
-118.1913 52.3841
-118.0601 52.4127
-118.0443 52.4274
-118.0286 52.4659
-118.0020 52.4859
-117.8831 52.4302
-117.7576 52.3946
-117.7317 52.3832
-117.7346 52.3526
-117.8218 52.2722
-117.7878 52.2325
-117.7506 52.2077
-117.5873 52.1417
-117.3849 52.1444
-117.3476 52.1591
-117.3201 52.1560
-117.2446 52.0471
-117.0770 51.9264
-117.0371 51.8859
-116.9387 51.7358
-116.9128 51.7138
-116.8299 51.7152
-116.8147 51.7219
-116.8082 51.7526
-116.7908 51.7710
-116.7582 51.7885
-116.7177 51.7999
-116.6740 51.7907
-116.6339 51.7585
-116.5674 51.6507
-116.5017 51.6148
-116.4577 51.5737
-116.4108 51.5437
-116.3771 51.4973
-116.3100 51.4478
-116.2788 51.3478
-116.2503 51.3227
-116.1763 51.2970
-116.1349 51.2662
-116.0544 51.2369
-116.0419 51.2300
-116.0350 51.2176
-116.0135 51.1507
-115.9976 51.1295
-115.9404 51.1021
-115.7938 51.0704
-115.6189 50.9623
-115.5962 50.9363
-115.5880 50.9092
-115.6399 50.8692
-115.6339 50.8552
-115.4331 50.7564
-115.3987 50.7314
-115.3862 50.7265
-115.3755 50.7270
-115.3598 50.7286
-115.3465 50.7289
-115.3350 50.7196
-115.3110 50.6969
-115.2984 50.6735
-115.3076 50.6558
-115.3110 50.6421
-115.3054 50.6346
-115.2666 50.5942
-115.2221 50.5626
-115.2060 50.5537
-115.1887 50.5572
-115.1277 50.5849
-115.0912 50.5848
-115.0479 50.5770
-114.9928 50.5450
-114.7891 50.3591
-114.7164 50.1293
-114.6677 50.0610
-114.6520 50.0196
-114.6514 49.9853
-114.6779 49.9547
-114.6849 49.9343
-114.6376 49.7968
-114.6428 49.7303
-114.6860 49.6431
-114.7373 49.6038
-114.7340 49.5872
-114.7167 49.5685
-114.6809 49.5555
-114.6016 49.5505
-114.5775 49.5436
-114.5763 49.5187
-114.5901 49.4517
-114.5880 49.4203
-114.5652 49.3939
-114.4796 49.3334
-114.4259 49.2744
-114.3862 49.2520
-114.3782 49.2323
-114.3548 49.2107
-114.1898 49.1681
-114.1637 49.1468
-114.1325 49.0941
-114.0575 49.0380
-114.0506 49.0146
-114.0625 48.9931

-123.8192 60.0011
-123.8421 60.0202
-123.8795 60.0397
-123.9937 60.0405
-124.0108 60.0461
-124.0131 60.0601
-123.9923 60.0992
-123.9974 60.1266
-124.1033 60.2253
-124.1847 60.3210
-124.2045 60.3529
-124.2255 60.4528
-124.2493 60.4735
-124.4028 60.4941
-124.4692 60.5672
-124.5994 60.6621
-124.6113 60.6822
-124.6112 60.7012
-124.5050 60.7885
-124.5065 60.8223
-124.5826 60.9528
-124.6157 60.9604
-124.8065 60.9611
-124.8373 60.9482
-124.8596 60.9241
-124.8805 60.8603
-125.1516 60.8444
-125.2297 60.8262
-125.3225 60.7924
-125.3787 60.7917
-125.7069 60.8405
-125.8638 60.8900
-125.8992 60.8902
-125.9314 60.8826
-125.9571 60.8651
-126.0032 60.8088
-126.0642 60.8160
-126.0986 60.8289
-126.1146 60.8634
-126.1615 60.8659
-126.2228 60.8558
-126.2346 60.8436
-126.2347 60.8089
-126.2551 60.7938
-126.2969 60.7845
-126.3505 60.7805
-126.5201 60.8003
-126.6652 60.7623
-126.7674 60.7749
-126.8324 60.7641
-126.8593 60.7694
-126.8897 60.7956
-126.8881 60.8331
-126.9116 60.8596
-126.9181 60.8842
-126.9085 60.9501
-126.9442 61.0524
-126.9637 61.0635
-127.0546 61.0512
-127.0929 61.0705
-127.0965 61.0814
-127.0821 61.0937
-127.0268 61.1265
-127.0148 61.1978
-127.0213 61.2368
-127.0725 61.3696
-127.1161 61.4041
-127.1666 61.4645
-127.2293 61.4944
-127.2994 61.5122
-127.4681 61.5105
-127.6087 61.5329
-127.6565 61.5522
-127.7130 61.5882
-127.8072 61.6187
-127.9936 61.7112
-128.0194 61.7796
-128.0466 61.8134
-128.0938 61.8413
-128.2063 61.8653
-128.2321 61.8836
-128.2584 61.9277
-128.3662 61.9909
-128.4001 62.0337
-128.5608 62.1169
-128.6158 62.1221
-128.6785 62.1123
-128.7755 62.0689
-128.8139 62.0638
-128.8409 62.0730
-128.8798 62.1110
-128.9074 62.1190
-129.0138 62.1317
-129.1362 62.1255
-129.2089 62.1357
-129.2547 62.1528
-129.2690 62.1663
-129.2616 62.1838
-129.2395 62.2020
-129.2328 62.2198
-129.2439 62.2364
-129.2934 62.2942
-129.2910 62.3223
-129.2393 62.3732
-129.2491 62.3885
-129.2936 62.4112
-129.2963 62.4253
-129.2871 62.4412
-129.1996 62.4700
-129.1894 62.4903
-129.2111 62.5134
-129.4491 62.5801
-129.4903 62.5987
-129.4947 62.6191
-129.5253 62.6735
-129.5441 62.6880
-129.6200 62.7122
-129.6363 62.7283
-129.6424 62.7564
-129.6583 62.7765
-129.7187 62.8317
-129.7289 62.8649
-129.7144 62.8948
-129.7139 62.9306
-129.6175 63.0373
-129.6118 63.0587
-129.6298 63.0683
-129.7344 63.0701
-129.8275 63.0918
-129.8703 63.1569
-129.9057 63.1874
-129.9787 63.2158
-130.0597 63.2612
-130.1336 63.2765
-130.1398 63.2933
-130.1017 63.3188
-129.9483 63.3757
-129.9053 63.4058
-129.8449 63.4858
-129.8551 63.5217
-129.8878 63.5548
-129.9455 63.5864
-129.9760 63.6157
-130.0630 63.6356
-130.0817 63.6502
-130.0977 63.6791
-130.1107 63.6950
-130.1417 63.6976
-130.2436 63.6783
-130.2850 63.6859
-130.3026 63.7037
-130.2984 63.7210
-130.2596 63.7374
-130.1451 63.7618
-130.1208 63.7731
-130.1179 63.7934
-130.1396 63.8078
-130.2826 63.8226
-130.3636 63.8502
-130.5129 63.9201
-130.6606 63.9505
-130.7577 63.9930
-130.7919 64.0305
-130.8467 64.0488
-130.8720 64.0806
-130.9297 64.1255
-130.9413 64.1405
-130.9130 64.1676
-130.9133 64.1925
-130.9308 64.2192
-130.9817 64.2595
-131.0121 64.2728
-131.0261 64.2981
-131.0218 64.3244
-131.1067 64.4009
-131.2651 64.4470
-131.3588 64.4585
-131.3993 64.4514
-131.4496 64.4160
-131.5128 64.3934
-131.5859 64.3803
-131.7637 64.3805
-131.7968 64.3879
-131.8028 64.4066
-131.7904 64.4260
-131.7303 64.4889
-131.7160 64.5150
-131.7290 64.5338
-131.7523 64.5449
-131.8932 64.5772
-132.0522 64.6842
-132.1063 64.7021
-132.3207 64.7627
-132.4017 64.7774
-132.5537 64.7802
-132.5881 64.7941
-132.5997 64.8086
-132.6011 64.8259
-132.5838 64.8418
-132.5048 64.8837
-132.4974 64.9127
-132.4970 64.9575
-132.4810 64.9702
-132.3809 65.0217
-132.3538 65.0385
-132.3526 65.0572
-132.3813 65.0751
-132.5161 65.0942
-132.5383 65.1091
-132.5401 65.1701
-132.5794 65.1846
-132.6099 65.1814
-132.7081 65.1672
-132.7518 65.1732
-132.7681 65.1848
-132.7732 65.2034
-132.7625 65.2250
-132.5969 65.2802
-132.5664 65.3003
-132.5417 65.3408
-132.3459 65.4434
-132.2678 65.5377
-132.1947 65.5977
-132.1962 65.6277
-132.2953 65.7161
-132.3778 65.7667
-132.4890 65.8196
-132.5332 65.8339
-132.5548 65.8570
-132.5390 65.8861
-132.3408 65.9552
-132.3427 65.9790
-132.3709 65.9936
-132.4834 65.9890
-132.5772 66.0238
-132.6143 66.0292
-132.7136 65.9978
-132.7662 65.9712
-132.8213 65.9280
-132.9025 65.9135
-132.9480 65.9168
-132.9678 65.9337
-132.9396 65.9764
-132.9165 66.0017
-132.9179 66.0176
-132.9380 66.0287
-133.0415 66.0275
-133.2291 66.0061
-133.4121 65.9560
-133.4997 65.9555
-133.5889 65.9626
-133.6216 65.9746
-133.6238 66.0103
-133.6454 66.0494
-133.6757 66.0740
-133.6772 66.0956
-133.6598 66.1116
-133.5938 66.1499
-133.5687 66.1766
-133.5670 66.2084
-133.5712 66.2487
-133.5832 66.2851
-133.6121 66.2952
-133.6511 66.3003
-133.7596 66.3035
-133.7902 66.3044
-133.8001 66.3256
-133.7901 66.3481
-133.7596 66.4160
-133.7394 66.4398
-133.7060 66.4443
-133.6743 66.4459
-133.6540 66.4528
-133.6520 66.4725
-133.6584 66.5093
-133.6493 66.5363
-133.6352 66.5656
-133.6518 66.5861
-133.7256 66.6313
-133.7639 66.6510
-133.7686 66.6694
-133.7707 66.6844
-133.7990 66.7111
-133.8059 66.7334
-133.7975 66.7525
-133.7827 66.7855
-133.7942 66.8186
-133.8475 66.8617
-133.9239 66.9030
-134.0313 66.9440
-134.0534 66.9727
-134.0556 67.0045
-134.1180 67.0045
-134.4049 67.0045
-134.6917 67.0045
-134.9786 67.0046
-135.2655 67.0046
-135.5523 67.0046
-135.8392 67.0047
-136.1261 67.0047
-136.1693 67.0152
-136.1946 67.0362
-136.2232 67.0883
-136.2238 67.1349
-136.2205 67.1631
-136.2180 67.1812
-136.1502 67.2263
-136.1078 67.2876
-136.1052 67.3042
-136.1285 67.3541
-136.1409 67.3753
-136.1585 67.3937
-136.1776 67.4226
-136.1779 67.4500
-136.1693 67.5142
-136.2079 67.5769
-136.2333 67.6003
-136.2648 67.6160
-136.4007 67.6659
-136.4344 67.7025
-136.4454 67.7466
-136.4453 68.0377
-136.4452 68.3288
-136.4451 68.6199
-136.4438 68.8951

-68.3792 47.5890
-68.3937 47.5631
-68.4296 47.5282
-68.4960 47.4803
-68.6285 47.4207
-69.0537 47.2946

-67.6129 47.9986
-67.6095 47.9688
-67.5790 47.9395
-67.3649 47.8548
-67.3071 47.8872
-67.1872 47.8941
-67.0576 47.9186
-66.9518 47.8994
-66.9250 47.9635
-66.8427 47.9979
-66.7044 48.0224

-120.0008 42.0006
-120.2645 42.0006
-120.5281 42.0006
-120.7918 42.0006
-121.0554 42.0006
-121.3191 42.0006
-121.5827 42.0006
-121.8464 42.0006
-122.1101 42.0006
-122.3737 42.0006
-122.6374 42.0006
-122.9010 42.0006
-123.1647 42.0006
-123.4284 42.0006
-123.6920 42.0006
-123.9557 42.0006
-124.2284 42.0008

-111.0514 44.4989
-111.1172 44.5253
-111.1609 44.5558
-111.1976 44.5906
-111.2651 44.6876
-111.3041 44.7233
-111.3375 44.7448
-111.3725 44.7462
-111.4156 44.7336
-111.4481 44.7111
-111.4591 44.6710
-111.4910 44.6242
-111.4888 44.5845
-111.4745 44.5646
-111.4793 44.5537
-111.4999 44.5449
-111.6593 44.5596
-111.7971 44.5399
-111.8921 44.5549
-112.0742 44.5476
-112.2313 44.5607
-112.2851 44.5539
-112.3200 44.5331
-112.3639 44.4796
-112.3754 44.4700
-112.3928 44.4680
-112.6482 44.4971
-112.7159 44.4980
-112.7871 44.4631
-112.8102 44.4382
-112.8155 44.4060
-112.8314 44.3966
-112.8539 44.3983
-112.9104 44.4193
-112.9701 44.4545
-112.9997 44.4804
-113.0064 44.5391
-113.0543 44.6052
-113.0627 44.6651
-113.0933 44.7153
-113.1407 44.7655
-113.1872 44.7986
-113.2343 44.8099
-113.3204 44.8025
-113.3389 44.8081
-113.4321 44.8742
-113.4608 44.9036
-113.4693 44.9300
-113.4381 44.9940
-113.4471 45.0291
-113.4711 45.0729
-113.5036 45.1093
-113.5574 45.1404
-113.6066 45.2091
-113.6971 45.3050
-113.7219 45.3793
-113.7561 45.4408
-113.7661 45.5025
-113.7996 45.5402
-113.7966 45.5877
-113.8023 45.6011
-113.8128 45.6070
-113.8729 45.6335
-113.9427 45.6815
-113.9778 45.6924
-113.9919 45.6930
-114.0007 45.6806
-114.0064 45.6585
-114.1166 45.5791
-114.2102 45.5424
-114.2561 45.5056
-114.2976 45.4876
-114.3192 45.4857
-114.3506 45.4971
-114.4484 45.5513
-114.5292 45.5757
-114.5373 45.5874
-114.5326 45.6330
-114.4958 45.6858
-114.5337 45.7820
-114.5225 45.8151
-114.4926 45.8387
-114.4051 45.8743
-114.3968 45.8910
-114.4159 45.9822
-114.4648 46.0164
-114.4783 46.0356
-114.4636 46.1098
-114.4854 46.1582
-114.4466 46.1993
-114.4442 46.2707
-114.4128 46.3436
-114.3802 46.4530
-114.3870 46.5000
-114.3458 46.5506
-114.3321 46.6014
-114.3301 46.6376
-114.3369 46.6592
-114.3509 46.6676
-114.3809 46.6676
-114.5187 46.6477
-114.5630 46.6504
-114.6016 46.6603
-114.6240 46.6776
-114.6306 46.7186
-114.6616 46.7455
-114.6780 46.7502
-114.7403 46.7336
-114.7537 46.7346
-114.7607 46.7423
-114.7861 46.7768
-114.8869 46.8449
-114.9357 46.9228
-115.0335 46.9909
-115.1266 47.0846
-115.3067 47.2312
-115.3495 47.2612
-115.4860 47.3116
-115.5933 47.3849
-115.7025 47.4376
-115.7133 47.4467
-115.7145 47.4523
-115.7080 47.4568
-115.6769 47.4706
-115.6697 47.4979
-115.7109 47.5526
-115.6909 47.6067
-115.7184 47.6815
-115.7338 47.7063
-115.8112 47.7760
-115.8621 47.8424
-115.9414 47.9041
-116.0490 48.0047
-116.0488 48.2520
-116.0486 48.4993
-116.0484 48.7466
-116.0485 48.9931

-111.0514 44.4989
-111.0514 44.3428
-111.0513 44.1867
-111.0512 44.0305
-111.0511 43.8744
-111.0511 43.7183
-111.0510 43.5621
-111.0509 43.4060
-111.0509 43.2499
-111.0508 43.0938
-111.0507 42.9376
-111.0507 42.7815
-111.0506 42.6254
-111.0505 42.4692
-111.0505 42.3131
-111.0504 42.1570
-111.0503 42.0009

-111.0514 44.4989
-111.0513 44.6245
-111.0511 44.7500
-111.0510 44.8755
-111.0509 45.0011
-110.8317 45.0011
-110.6125 45.0011
-110.3933 45.0011
-110.1742 45.0011
-109.9550 45.0011
-109.7358 45.0011
-109.5166 45.0011
-109.2975 45.0011
-109.0783 45.0011
-108.8591 45.0011
-108.6399 45.0011
-108.4207 45.0011
-108.2016 45.0011
-107.9824 45.0011
-107.7632 45.0011
-107.5440 45.0011
-107.3249 45.0011
-107.1057 45.0011
-106.8865 45.0011
-106.6673 45.0011
-106.4482 45.0011
-106.2290 45.0011
-106.0098 45.0011
-105.7906 45.0011
-105.5715 45.0011
-105.3523 45.0011
-105.1331 45.0011
-104.9139 45.0011
-104.6947 45.0011
-104.4756 45.0011
-104.2564 45.0011
-104.0372 45.0011

-117.0167 42.0006
-117.3897 42.0006
-117.7627 42.0006
-118.1357 42.0006
-118.5088 42.0006
-118.8818 42.0006
-119.2548 42.0006
-119.6278 42.0006
-120.0008 42.0006

-117.0167 42.0006
-116.6449 42.0006
-116.2732 42.0007
-115.9014 42.0008
-115.5296 42.0008
-115.1579 42.0009
-114.7861 42.0010
-114.4144 42.0011
-114.0426 42.0011

-111.0503 42.0009
-111.2373 42.0009
-111.4243 42.0009
-111.6113 42.0009
-111.7984 42.0010
-111.9854 42.0010
-112.1724 42.0010
-112.3594 42.0010
-112.5464 42.0010
-112.7335 42.0010
-112.9205 42.0010
-113.1075 42.0011
-113.2945 42.0011
-113.4815 42.0011
-113.6685 42.0011
-113.8556 42.0011
-114.0426 42.0011

-111.0503 42.0009
-111.0502 41.8759
-111.0502 41.7509
-111.0502 41.6259
-111.0501 41.5009
-111.0501 41.3759
-111.0501 41.2509
-111.0500 41.1259
-111.0500 41.0009
-110.7995 41.0009
-110.5491 41.0009
-110.2986 41.0009
-110.0482 41.0009
-109.7977 41.0009
-109.5473 41.0009
-109.2968 41.0009
-109.0464 41.0009

-114.0426 42.0011
-114.0425 41.8449
-114.0425 41.6888
-114.0424 41.5327
-114.0423 41.3765
-114.0422 41.2203
-114.0422 41.0642
-114.0421 40.9080
-114.0420 40.7519
-114.0419 40.5957
-114.0418 40.4396
-114.0418 40.2834
-114.0417 40.1273
-114.0416 39.9711
-114.0416 39.8149
-114.0415 39.6588
-114.0414 39.5026
-114.0414 39.3465
-114.0413 39.1903
-114.0412 39.0342
-114.0411 38.8780
-114.0411 38.7218
-114.0410 38.5657
-114.0409 38.4095
-114.0409 38.2534
-114.0408 38.0972
-114.0407 37.9411
-114.0406 37.7849
-114.0406 37.6288
-114.0405 37.4726
-114.0404 37.3165
-114.0403 37.1603
-114.0403 37.0042

-114.0403 37.0042
-113.7282 37.0039
-113.4161 37.0037
-113.1040 37.0035
-112.7919 37.0033
-112.4798 37.0031
-112.1677 37.0029
-111.8556 37.0027
-111.5435 37.0025
-111.2314 37.0023
-110.9193 37.0021
-110.6072 37.0019
-110.2951 37.0017
-109.9830 37.0015
-109.6709 37.0013
-109.3588 37.0011
-109.0467 37.0008

-109.0467 37.0008
-109.0467 36.6463
-109.0467 36.2918
-109.0468 35.9373
-109.0469 35.5828
-109.0469 35.2283
-109.0470 34.8738
-109.0470 34.5193
-109.0471 34.1648
-109.0471 33.8103
-109.0472 33.4558
-109.0472 33.1013
-109.0473 32.7468
-109.0473 32.3922
-109.0474 32.0377
-109.0474 31.6832
-109.0478 31.3279

-109.0464 41.0009
-108.7324 41.0009
-108.4183 41.0009
-108.1043 41.0009
-107.7902 41.0009
-107.4761 41.0009
-107.1621 41.0009
-106.8481 41.0009
-106.5340 41.0009
-106.2200 41.0009
-105.9059 41.0009
-105.5919 41.0009
-105.2778 41.0009
-104.9638 41.0009
-104.6498 41.0009
-104.3357 41.0009
-104.0217 41.0009

-109.0464 41.0009
-109.0464 40.7508
-109.0464 40.5009
-109.0464 40.2509
-109.0465 40.0009
-109.0465 39.7509
-109.0465 39.5008
-109.0465 39.2508
-109.0465 39.0008
-109.0465 38.7509
-109.0466 38.5009
-109.0466 38.2508
-109.0466 38.0008
-109.0466 37.7508
-109.0466 37.5008
-109.0466 37.2509
-109.0467 37.0008

-103.0008 37.0008
-103.3787 37.0008
-103.7566 37.0008
-104.1344 37.0008
-104.5123 37.0008
-104.8902 37.0008
-105.2680 37.0008
-105.6459 37.0008
-106.0238 37.0008
-106.4016 37.0008
-106.7795 37.0008
-107.1574 37.0008
-107.5352 37.0008
-107.9131 37.0008
-108.2909 37.0008
-108.6688 37.0008
-109.0467 37.0008

-104.0111 45.9431
-104.0125 46.1337
-104.0139 46.3244
-104.0153 46.5151
-104.0166 46.7058
-104.0180 46.8965
-104.0194 47.0872
-104.0208 47.2778
-104.0222 47.4685
-104.0236 47.6592
-104.0250 47.8499
-104.0263 48.0406
-104.0277 48.2313
-104.0291 48.4220
-104.0305 48.6126
-104.0319 48.8033
-104.0339 48.9931

-104.0372 45.0011
-104.0293 45.0011
-104.0213 45.0011
-104.0134 45.0010
-104.0055 45.0010
-104.0053 45.0041
-104.0051 45.0072
-104.0050 45.0104
-104.0048 45.0135
-104.0064 45.2459
-104.0079 45.4783
-104.0095 45.7106
-104.0111 45.9431

-104.0289 43.0014
-104.0299 43.2514
-104.0310 43.5013
-104.0320 43.7513
-104.0330 44.0013
-104.0341 44.2513
-104.0351 44.5012
-104.0362 44.7512
-104.0372 45.0011

-96.5564 45.9428
-96.7894 45.9428
-97.0223 45.9428
-97.2553 45.9428
-97.4882 45.9428
-97.7212 45.9428
-97.9541 45.9428
-98.1871 45.9428
-98.4201 45.9429
-98.6530 45.9429
-98.8860 45.9429
-99.1189 45.9429
-99.3519 45.9429
-99.5848 45.9429
-99.8178 45.9429
-100.0508 45.9429
-100.2837 45.9429
-100.5167 45.9429
-100.7497 45.9429
-100.9826 45.9429
-101.2156 45.9430
-101.4486 45.9430
-101.6815 45.9430
-101.9145 45.9430
-102.1474 45.9430
-102.3804 45.9430
-102.6133 45.9430
-102.8463 45.9430
-103.0793 45.9430
-103.3122 45.9430
-103.5452 45.9430
-103.7781 45.9430
-104.0111 45.9431

-104.0217 41.0009
-104.0226 41.2509
-104.0234 41.5010
-104.0243 41.7510
-104.0252 42.0011
-104.0261 42.2512
-104.0271 42.5013
-104.0280 42.7513
-104.0289 43.0014

-102.0245 40.0011
-102.0245 40.1261
-102.0246 40.2510
-102.0247 40.3759
-102.0247 40.5009
-102.0248 40.6258
-102.0249 40.7507
-102.0250 40.8757
-102.0250 41.0006
-102.2746 41.0006
-102.5242 41.0007
-102.7737 41.0007
-103.0233 41.0007
-103.2729 41.0008
-103.5225 41.0008
-103.7721 41.0008
-104.0217 41.0009

-102.0128 37.0008
-102.0135 37.1884
-102.0143 37.3759
-102.0150 37.5634
-102.0157 37.7509
-102.0164 37.9384
-102.0172 38.1259
-102.0179 38.3135
-102.0186 38.5010
-102.0194 38.6885
-102.0201 38.8760
-102.0208 39.0635
-102.0216 39.2510
-102.0223 39.4386
-102.0230 39.6261
-102.0238 39.8136
-102.0245 40.0011

-95.3467 40.0015
-95.5269 40.0011
-95.7365 40.0011
-95.9461 40.0011
-96.1557 40.0011
-96.3653 40.0011
-96.5749 40.0011
-96.7845 40.0011
-96.9941 40.0011
-97.2037 40.0011
-97.4133 40.0011
-97.6229 40.0011
-97.8325 40.0011
-98.0421 40.0011
-98.2517 40.0011
-98.4613 40.0011
-98.6709 40.0011
-98.8805 40.0011
-99.0901 40.0011
-99.2997 40.0011
-99.5093 40.0011
-99.7189 40.0011
-99.9285 40.0011
-100.1381 40.0011
-100.3477 40.0011
-100.5573 40.0011
-100.7669 40.0011
-100.9765 40.0011
-101.1861 40.0011
-101.3957 40.0011
-101.6053 40.0011
-101.8149 40.0011
-102.0245 40.0011

-103.0003 36.5012
-103.0004 36.6261
-103.0006 36.7510
-103.0007 36.8759
-103.0008 37.0008

-102.0128 37.0008
-102.2598 37.0008
-102.5068 37.0008
-102.7538 37.0008
-103.0008 37.0008

-94.4841 33.6484
-94.7092 33.6993
-94.7657 33.7316
-94.8694 33.7682
-94.9624 33.8434
-95.1461 33.9366
-95.2159 33.9590
-95.2380 33.9565
-95.2760 33.9106
-95.3739 33.8743
-95.4271 33.8728
-95.5235 33.8866
-95.5418 33.8982
-95.5557 33.9261
-95.5945 33.9452
-95.6228 33.9303
-95.7632 33.8915
-95.7839 33.8645
-95.8631 33.8633
-95.9416 33.8828
-96.1393 33.8220
-96.2073 33.7741
-96.2786 33.7576
-96.3150 33.7111
-96.3368 33.7177
-96.4111 33.7752
-96.4872 33.7923
-96.5916 33.8493
-96.5954 33.8994
-96.6063 33.9056
-96.6251 33.9114
-96.6485 33.9064
-96.6940 33.8638
-96.7202 33.8528
-96.7463 33.8542
-96.8476 33.8832
-96.8900 33.9346
-96.9110 33.9504
-96.9341 33.9535
-96.9777 33.9380
-97.0022 33.8816
-97.0216 33.8665
-97.0638 33.8568
-97.0612 33.8285
-97.0990 33.7504
-97.1190 33.7348
-97.1451 33.7377
-97.1724 33.7569
-97.1925 33.7846
-97.2010 33.8082
-97.1862 33.8701
-97.1948 33.8906
-97.2149 33.8971
-97.2647 33.8678
-97.3082 33.8692
-97.3636 33.8402
-97.3985 33.8313
-97.4302 33.8385
-97.4816 33.8857
-97.5712 33.9159
-97.6059 33.9717
-97.6218 33.9878
-97.6409 33.9917
-97.6604 33.9900
-97.6919 33.9721
-97.7953 33.8991
-97.8424 33.8758
-97.8829 33.8711
-97.9216 33.8784
-97.9462 33.8971
-97.9511 33.9712
-97.9740 33.9937
-98.0694 34.0403
-98.0896 34.0841
-98.0986 34.1450
-98.2141 34.1353
-98.3560 34.1415
-98.4204 34.0881
-98.4537 34.0781
-98.4939 34.0888
-98.6084 34.1613
-98.7301 34.1466
-98.7990 34.1547
-98.9688 34.2086
-99.1023 34.2135
-99.1575 34.2233
-99.1866 34.2355
-99.1999 34.3183
-99.2529 34.3881
-99.2703 34.4072
-99.3604 34.4561
-99.3749 34.4579
-99.3847 34.4468
-99.4050 34.3921
-99.4323 34.3892
-99.5362 34.4047
-99.6320 34.3885
-99.6856 34.4158
-99.8670 34.5434
-99.9407 34.5763
-99.9993 34.5867
-99.9995 34.7064
-99.9997 34.8260
-99.9999 34.9456
-100.0001 35.0653
-100.0003 35.1849
-100.0005 35.3046
-100.0007 35.4242
-100.0009 35.5438
-100.0011 35.6635
-100.0013 35.7831
-100.0015 35.9027
-100.0017 36.0223
-100.0019 36.1420
-100.0021 36.2616
-100.0022 36.3812
-100.0024 36.5009
-100.1898 36.5009
-100.3772 36.5009
-100.5645 36.5009
-100.7519 36.5010
-100.9393 36.5010
-101.1266 36.5010
-101.3140 36.5011
-101.5014 36.5011
-101.6887 36.5011
-101.8761 36.5011
-102.0635 36.5011
-102.2508 36.5012
-102.4382 36.5012
-102.6256 36.5012
-102.8129 36.5012
-103.0003 36.5012

-94.6181 37.0008
-94.8492 37.0008
-95.0802 37.0008
-95.3113 37.0008
-95.5424 37.0008
-95.7735 37.0008
-96.0046 37.0008
-96.2356 37.0008
-96.4667 37.0008
-96.6978 37.0008
-96.9289 37.0008
-97.1600 37.0008
-97.3911 37.0008
-97.6222 37.0008
-97.8532 37.0008
-98.0843 37.0008
-98.3154 37.0008
-98.5465 37.0008
-98.7776 37.0008
-99.0087 37.0008
-99.2398 37.0008
-99.4708 37.0008
-99.7019 37.0008
-99.9330 37.0008
-100.1641 37.0008
-100.3952 37.0008
-100.6263 37.0008
-100.8573 37.0008
-101.0884 37.0008
-101.3195 37.0008
-101.5506 37.0008
-101.7817 37.0008
-102.0128 37.0008

-96.4536 43.5012
-96.5986 43.4975
-96.5813 43.4349
-96.5416 43.3735
-96.5350 43.3381
-96.5425 43.3090
-96.5699 43.2833
-96.5635 43.2427
-96.5554 43.2317
-96.4903 43.2055
-96.4681 43.1702
-96.4613 43.1298
-96.4627 43.0992
-96.5021 43.0433
-96.5133 42.9691
-96.5626 42.8586
-96.6161 42.7914
-96.6268 42.7570
-96.6218 42.7295
-96.5387 42.6586
-96.5336 42.6302
-96.5063 42.5936
-96.4810 42.5113

-94.6245 39.0861
-94.6241 38.9558
-94.6237 38.8254
-94.6233 38.6951
-94.6229 38.5648
-94.6225 38.4345
-94.6221 38.3041
-94.6217 38.1738
-94.6213 38.0435
-94.6209 37.9131
-94.6205 37.7828
-94.6201 37.6525
-94.6197 37.5222
-94.6193 37.3918
-94.6189 37.2615
-94.6185 37.1312
-94.6181 37.0008

-94.6224 39.1244
-94.6245 39.0861

-94.6181 37.0008
-94.6181 36.8758
-94.6182 36.7509
-94.6183 36.6259
-94.6184 36.5009

-95.7650 40.6019
-95.5154 40.6029
-95.2631 40.6044
-95.0109 40.6058
-94.7586 40.6073
-94.5064 40.6087
-94.2541 40.6102
-94.0019 40.6116
-93.7496 40.6131
-93.4973 40.6145
-93.2451 40.6160
-92.9928 40.6174
-92.7406 40.6189
-92.4883 40.6203
-92.2360 40.6218
-91.9838 40.6232
-91.7315 40.6247
-91.6820 40.5519
-91.6274 40.5308
-91.6169 40.5069
-91.5455 40.4693
-91.5299 40.4323
-91.4420 40.3794

-94.0413 33.0120
-94.0428 33.1476
-94.0443 33.2832
-94.0458 33.4188
-94.0473 33.5544

-94.6184 36.5009
-94.5960 36.3617
-94.5736 36.2225
-94.5512 36.0833
-94.5288 35.9441
-94.5064 35.8048
-94.4840 35.6657
-94.4615 35.5265
-94.4391 35.3873
-94.4420 35.2786
-94.4447 35.1699
-94.4476 35.0612
-94.4504 34.9525
-94.4532 34.8439
-94.4560 34.7352
-94.4588 34.6265
-94.4616 34.5178
-94.4645 34.4092
-94.4673 34.3005
-94.4701 34.1918
-94.4729 34.0831
-94.4757 33.9745
-94.4785 33.8658
-94.4813 33.7571
-94.4841 33.6484

-94.6184 36.5009
-94.3399 36.5009
-94.0614 36.5009
-93.7828 36.5009
-93.5043 36.5009
-93.2258 36.5009
-92.9473 36.5009
-92.6688 36.5009
-92.3903 36.5009
-92.1118 36.5009
-91.8333 36.5009
-91.5548 36.5009
-91.2763 36.5009
-90.9978 36.5009
-90.7192 36.5009
-90.4407 36.5009
-90.1622 36.5009
-90.1181 36.4225
-90.0745 36.3718
-90.0671 36.3343
-90.0757 36.2967
-90.1493 36.2159
-90.2162 36.1784
-90.2526 36.1377
-90.3030 36.0994
-90.3811 35.9927
-90.2168 35.9949
-90.0525 35.9971
-89.8882 35.9993
-89.7048 36.0016

-80.5191 40.6470
-80.5203 40.7527
-80.5203 40.8575
-80.5203 40.9624
-80.5203 41.0672
-80.5203 41.1720
-80.5203 41.2769
-80.5203 41.3817
-80.5203 41.4866
-80.5203 41.5914
-80.5203 41.6962
-80.5203 41.8011
-80.5203 41.9059
-80.5203 42.0108
-80.5203 42.1156
-80.5203 42.2205
-80.5208 42.3244

-79.4775 39.7228
-79.6077 39.7227
-79.7380 39.7227
-79.8682 39.7227
-79.9985 39.7226
-80.1287 39.7226
-80.2589 39.7226
-80.3892 39.7225
-80.5194 39.7225
-80.5196 39.8382
-80.5197 39.9538
-80.5198 40.0695
-80.5199 40.1851
-80.5200 40.3008
-80.5201 40.4165
-80.5202 40.5321
-80.5191 40.6470

-93.7940 29.9773
-93.7269 30.0771
-93.7106 30.1128
-93.7210 30.2829
-93.7504 30.3447
-93.7466 30.3804
-93.7152 30.4733
-93.7202 30.5583
-93.6652 30.6608
-93.6247 30.7143
-93.5792 30.8238
-93.5687 30.8947
-93.5492 30.9477
-93.5627 31.0049
-93.5306 31.0462
-93.5514 31.1041
-93.5577 31.1804
-93.5970 31.2098
-93.6659 31.3226
-93.6637 31.3722
-93.7361 31.4777
-93.7376 31.5138
-93.8069 31.5688
-93.8207 31.6040
-93.8268 31.7503
-93.8456 31.7929
-93.9051 31.8770
-94.0433 31.9992
-94.0431 32.1258
-94.0428 32.2524
-94.0425 32.3790
-94.0423 32.5056
-94.0420 32.6322
-94.0418 32.7588
-94.0416 32.8854
-94.0413 33.0120

-94.0413 33.0120
-93.8616 33.0122
-93.6819 33.0124
-93.5023 33.0126
-93.3226 33.0128
-93.1430 33.0131
-92.9633 33.0133
-92.7836 33.0135
-92.6039 33.0137
-92.4243 33.0139
-92.2446 33.0141
-92.0649 33.0143
-91.8852 33.0145
-91.7055 33.0148
-91.5259 33.0150
-91.3462 33.0152
-91.1500 33.0159

-90.2937 35.0011
-90.0386 35.0008
-89.7730 35.0006
-89.5073 35.0003
-89.2417 35.0000
-88.9761 34.9997
-88.7104 34.9994
-88.4448 34.9991
-88.1733 34.9990

-85.0073 31.0017
-85.3300 31.0011
-85.6534 31.0011
-85.9768 31.0010
-86.3002 31.0009
-86.6236 31.0009
-86.9469 31.0008
-87.2703 31.0008
-87.5937 31.0007
-87.6074 30.9293
-87.6011 30.8606
-87.5662 30.7956
-87.4217 30.6716
-87.4083 30.6415
-87.4338 30.5459
-87.4294 30.4779
-87.4448 30.4426
-87.4801 30.4117
-87.4895 30.3777

-83.0966 35.0016
-83.0963 35.0011

-84.3247 34.9881
-84.6494 34.9913
-84.9742 34.9945
-85.2989 34.9977
-85.6236 35.0009

-83.1148 35.0015
-83.4173 34.9981
-83.7198 34.9948
-84.0222 34.9915
-84.3247 34.9881

-82.7775 35.0866
-82.9370 35.0442
-83.0966 35.0016
-83.1148 35.0015

-81.0452 35.0656
-80.9337 35.1137
-80.8817 35.0579
-80.7930 34.9628
-80.7893 34.9072
-80.7841 34.8286
-80.6428 34.8246
-80.5015 34.8207
-80.3601 34.8167
-80.2188 34.8127
-80.0775 34.8087
-79.9362 34.8047
-79.7949 34.8008
-79.6536 34.7968
-79.5185 34.6826
-79.3835 34.5685
-79.2484 34.4544
-79.1134 34.3402
-78.9783 34.2261
-78.8433 34.1119
-78.7082 33.9978
-78.5643 33.8767

-82.3561 35.2016
-82.1975 35.1959
-82.0389 35.1902
-81.8803 35.1844
-81.7217 35.1787
-81.5631 35.1729
-81.4045 35.1672
-81.2459 35.1615
-81.0873 35.1557

-71.8008 42.0120
-71.7258 42.0129
-71.6232 42.0140
-71.5241 42.0152
-71.4625 42.0160
-71.3871 42.0169
-71.3839 41.9717
-71.3791 41.9024
-71.3376 41.8914
-71.3395 41.8352
-71.3407 41.7979
-71.3047 41.7747
-71.2679 41.7508
-71.2338 41.7066

-73.4806 42.0556
-73.3965 42.0529
-73.3123 42.0502
-73.2282 42.0475
-73.1441 42.0448
-73.0600 42.0421
-72.9759 42.0395
-72.8918 42.0368
-72.8077 42.0341
-72.8065 42.0080
-72.7633 42.0112
-72.7576 42.0341
-72.6381 42.0327
-72.5186 42.0312
-72.3991 42.0298
-72.2796 42.0284
-72.1601 42.0270
-72.0406 42.0256
-71.9211 42.0241
-71.8016 42.0227
-71.8008 42.0120

-71.8008 42.0120
-71.8003 41.9582
-71.7996 41.8830
-71.7990 41.8285
-71.7982 41.7531
-71.7973 41.6676
-71.7965 41.5889
-71.7958 41.5200
-71.7992 41.4792
-71.8045 41.4167
-71.8299 41.3927
-71.8424 41.3355

-81.9653 37.5397
-81.9577 37.5076
-81.9714 37.4731
-81.9394 37.4326
-81.9131 37.3690
-81.8756 37.3296
-81.8293 37.2986
-81.7522 37.2708
-81.6608 37.2218
-81.5890 37.2081
-81.5648 37.2098
-81.4855 37.2570
-81.4194 37.2823
-81.3500 37.3337
-81.2271 37.2633
-81.1781 37.2633
-81.0573 37.2937
-80.9437 37.3019
-80.9154 37.3114
-80.8731 37.3406
-80.8719 37.3994
-80.8624 37.4146
-80.8435 37.4217
-80.8211 37.4231
-80.7700 37.4016
-80.7198 37.4010
-80.5074 37.4691
-80.4914 37.4639
-80.4645 37.4327
-80.3712 37.4726
-80.3161 37.5097
-80.2920 37.5659
-80.2458 37.6208
-80.2554 37.6453
-80.2853 37.6771
-80.2459 37.7510
-80.1881 37.8242
-79.9717 38.0462
-79.9027 38.1807
-79.8129 38.2670
-79.7834 38.3360
-79.7153 38.4040
-79.6687 38.5443
-79.6396 38.5725
-79.5977 38.5771
-79.5553 38.5594
-79.5247 38.5335
-79.5048 38.4914
-79.3959 38.4544
-79.3042 38.4499
-79.2403 38.4765
-79.2029 38.5258
-79.1525 38.6183
-79.1042 38.6729
-79.0733 38.7419
-79.0412 38.7897
-78.9920 38.8197
-78.8687 38.8179
-78.8055 38.8602
-78.7568 38.9082
-78.7273 38.9239
-78.6928 38.9217
-78.5815 38.9990
-78.4352 39.1608
-78.4037 39.2626
-78.3658 39.3358
-78.3510 39.4109
-78.3222 39.4519
-78.1930 39.3704
-78.1183 39.3233
-77.9486 39.2163
-77.8358 39.1452
-77.7918 39.2266
-77.7266 39.3464

-79.4775 39.7228
-79.2467 39.7228
-79.0159 39.7227
-78.7851 39.7227
-78.5543 39.7227
-78.3235 39.7227
-78.0927 39.7226
-77.8619 39.7226
-77.6311 39.7226
-77.4003 39.7226
-77.1695 39.7225
-76.9387 39.7225
-76.7079 39.7225
-76.4771 39.7225
-76.2463 39.7224
-76.0155 39.7224
-75.7847 39.7224

-79.4775 39.7228
-79.4801 39.5948
-79.4827 39.4668
-79.4853 39.3389
-79.4880 39.2109

-75.7847 39.7224
-75.7750 39.5639
-75.7653 39.4056
-75.7556 39.2471
-75.7459 39.0887
-75.7362 38.9303
-75.7265 38.7719
-75.7167 38.6135
-75.7070 38.4551
-75.7047 38.4551
-75.7024 38.4550
-75.7001 38.4550
-75.6978 38.4550
-75.6955 38.4550
-75.6932 38.4550
-75.6909 38.4550
-75.6886 38.4550
-75.5879 38.4550
-75.3663 38.4549
-75.1447 38.4549
-75.0377 38.4556

-75.6593 37.9540
-75.6200 37.9992
-75.4694 38.0149
-75.3760 38.0250
-75.2525 38.0374
-75.2241 38.0405

-77.0197 38.8065
-76.9312 38.8882
-76.9888 38.9523
-77.0421 39.0118
-77.1221 38.9435

-74.6991 41.3573
-74.7204 41.3949
-74.7566 41.4239
-74.9354 41.4744
-74.9813 41.5077
-75.0227 41.5529
-75.0514 41.6084
-75.0662 41.6666
-75.0669 41.7132
-75.0537 41.7650
-75.0948 41.7995
-75.0955 41.8317
-75.1219 41.8534
-75.2389 41.8922
-75.2740 41.9467
-75.3513 41.9984
-75.4892 41.9985
-75.6271 41.9986
-75.7649 41.9986
-75.9028 41.9987
-76.0406 41.9988
-76.1785 41.9989
-76.3164 41.9990
-76.4542 41.9990
-76.5921 41.9991
-76.7300 41.9992
-76.8678 41.9993
-77.0057 41.9994
-77.1436 41.9994
-77.2814 41.9995
-77.4193 41.9996
-77.5571 41.9997
-77.6950 41.9997
-77.8329 41.9998
-77.9707 41.9999
-78.1086 42.0000
-78.2465 42.0000
-78.3843 42.0001
-78.5222 42.0002
-78.6601 42.0003
-78.7979 42.0003
-78.9358 42.0004
-79.0736 42.0005
-79.2115 42.0006
-79.3494 42.0007
-79.4872 42.0007
-79.6251 42.0008
-79.7630 42.0009
-79.7630 42.1355
-79.7630 42.2701
-79.7630 42.4047
-79.7620 42.5390

-73.2533 42.7522
-73.2851 42.6682
-73.3168 42.5842
-73.3486 42.5001
-73.3803 42.4161
-73.4120 42.3321
-73.4438 42.2481
-73.4755 42.1640
-73.5073 42.0800
-73.4806 42.0556

-73.4806 42.0556
-73.4886 41.9606
-73.4966 41.8657
-73.5046 41.7707
-73.5126 41.6757
-73.5206 41.5808
-73.5287 41.4858
-73.5367 41.3909
-73.5447 41.2960
-73.5145 41.2575
-73.4841 41.2190
-73.5218 41.2009
-73.5798 41.1731
-73.6419 41.1434
-73.7230 41.1045
-73.6821 41.0547
-73.6305 40.9919

-74.6991 41.3573
-74.6001 41.3116
-74.5011 41.2659
-74.4020 41.2202
-74.3031 41.1745
-74.2041 41.1289
-74.1051 41.0832
-74.0060 41.0375
-73.9101 40.9923

-72.4669 42.7303
-72.5652 42.7331
-72.6635 42.7358
-72.7618 42.7385
-72.8601 42.7413
-72.9584 42.7440
-73.0567 42.7467
-73.1550 42.7495
-73.2533 42.7522

-73.2533 42.7522
-73.2802 42.8132
-73.2666 42.8648
-73.2645 42.9352
-73.2619 43.0271
-73.2591 43.1279
-73.2552 43.2654
-73.2527 43.3572
-73.2503 43.4397
-73.2471 43.5530
-73.3062 43.6163
-73.3305 43.6267
-73.3492 43.6204
-73.3914 43.5785
-73.4049 43.5788
-73.4159 43.5896
-73.4134 43.6279
-73.3758 43.7622
-73.3750 43.8042
-73.3830 43.8758
-73.4249 44.0383
-73.4261 44.0749
-73.4098 44.1314
-73.3811 44.1874
-73.3318 44.2446
-73.3209 44.2689
-73.3246 44.3679
-73.3098 44.4596
-73.3721 44.5973
-73.3486 44.7753
-73.3658 44.8604
-73.3451 44.9389
-73.3522 45.0054

-70.8061 42.8768
-70.9235 42.8816
-70.9741 42.8717
-71.0762 42.8251
-71.1393 42.8081
-71.2423 42.7295
-71.3296 42.7025
-71.4718 42.7060
-71.6139 42.7094
-71.7561 42.7129
-71.8982 42.7164
-72.0404 42.7199
-72.1825 42.7234
-72.3247 42.7269
-72.4669 42.7303

-70.7331 43.0700
-70.8128 43.1636
-70.8290 43.2391
-70.9197 43.3281
-70.9556 43.3894
-70.9675 43.4581
-70.9624 43.5322
-70.9701 43.6430
-70.9778 43.7539
-70.9854 43.8647
-70.9931 43.9756
-71.0008 44.0864
-71.0084 44.1973
-71.0160 44.3081
-71.0237 44.4189
-71.0314 44.5298
-71.0390 44.6406
-71.0467 44.7515
-71.0544 44.8623
-71.0620 44.9732
-71.0697 45.0840
-71.0773 45.1949
-71.0845 45.2940

-96.4536 43.5012
-96.4536 43.7257
-96.4536 43.9502
-96.4536 44.1747
-96.4536 44.3993
-96.4537 44.6238
-96.4537 44.8483
-96.4537 45.0728
-96.4537 45.2973
-96.5298 45.3715
-96.6961 45.4318
-96.7375 45.4678
-96.8149 45.5574
-96.8455 45.5959
-96.8511 45.6260
-96.8136 45.6592
-96.6627 45.7557
-96.6147 45.8000
-96.5911 45.8433
-96.5564 45.9428

-91.2453 43.5024
-91.5754 43.5019
-91.9006 43.5019
-92.2258 43.5018
-92.5511 43.5018
-92.8763 43.5017
-93.2015 43.5017
-93.5267 43.5016
-93.8519 43.5016
-94.1771 43.5015
-94.5023 43.5015
-94.8276 43.5014
-95.1528 43.5014
-95.4780 43.5013
-95.8032 43.5013
-96.1284 43.5012
-96.4536 43.5012

-84.7961 41.7014
-84.4631 41.7109
-84.1302 41.7205
-83.7972 41.7300
-83.4642 41.7394
-83.3040 41.8378
-83.1217 41.9500

-89.9577 47.2871
-89.8430 47.4645
-89.7282 47.6418
-89.6135 47.8191
-89.4984 47.9979

-87.2213 41.7607
-87.1757 41.9437
-87.1302 42.1268
-87.0847 42.3098
-87.0391 42.4928

-90.6506 42.5130
-90.1910 42.5103
-89.7408 42.5078
-89.2905 42.5053
-88.8402 42.5028
-88.3900 42.5003
-87.9397 42.4978
-87.4894 42.4953
-87.0391 42.4928

-84.8217 39.0920
-84.8201 39.4238
-84.8167 39.7492
-84.8133 40.0746
-84.8098 40.3999
-84.8064 40.7253
-84.8030 41.0507
-84.7996 41.3761
-84.7961 41.7014

-87.2213 41.7607
-86.9182 41.7606
-86.6150 41.7605
-86.3119 41.7604
-86.0088 41.7602
-85.7057 41.7601
-85.4026 41.7600
-85.0995 41.7599
-84.7964 41.7597
-84.7961 41.7014

-87.0391 42.4928
-87.0794 42.7821
-87.1139 43.0305
-87.1550 43.3268
-87.1452 43.5713
-87.1417 43.6578
-87.0832 43.8901
-87.0325 44.0915
-86.9187 44.3616
-86.8221 44.5911
-86.7147 44.8462
-86.5360 45.0415
-86.4015 45.1334
-86.2645 45.2269
-86.4818 45.3230
-86.7743 45.4524
-86.9423 45.4524
-87.1153 45.4524
-87.2444 45.2898
-87.4198 45.1839
-87.4595 45.0680
-87.6536 45.1218
-87.6942 45.1611
-87.7189 45.2013
-87.7209 45.2428
-87.6627 45.3452
-87.6576 45.3618
-87.6642 45.3713
-87.6964 45.3828
-87.7686 45.3644
-87.8418 45.3608
-87.8654 45.3678
-87.8749 45.3854
-87.8740 45.4128
-87.8591 45.4455
-87.8152 45.5058
-87.8147 45.5632
-87.7946 45.5960
-87.8141 45.6570
-87.8091 45.6860
-87.8398 45.7180
-87.9225 45.7600
-88.1161 45.8158
-88.0965 45.8784
-88.1044 45.9052
-88.1517 45.9454
-88.3547 45.9923
-88.4930 46.0135
-88.6295 46.0140
-88.7272 46.0311
-88.8373 46.0366
-88.9078 46.0648
-88.9783 46.0929
-89.0488 46.1211
-89.1193 46.1492
-89.2442 46.1733
-89.3691 46.1973
-89.4940 46.2214
-89.6189 46.2454
-89.7438 46.2695
-89.8688 46.2936
-89.9936 46.3176
-90.1186 46.3417
-90.1465 46.3837
-90.1745 46.4257
-90.2024 46.4678
-90.2304 46.5098
-90.2879 46.5274
-90.3182 46.5366
-90.3409 46.5584
-90.3923 46.5490
-90.4126 46.5853
-90.3557 46.6730
-90.2988 46.7607
-90.2420 46.8485
-90.1851 46.9362
-90.1283 47.0239
-90.0714 47.1117
-90.0146 47.1994
-89.9577 47.2871

-91.6564 31.0018
-91.4171 31.0013
-91.1769 31.0012
-90.9366 31.0012
-90.6963 31.0012
-90.4561 31.0012
-90.2158 31.0012
-89.9756 31.0012
-89.7353 31.0012

-89.4872 36.5031
-89.5573 36.5011

-114.6105 34.9911
-114.8822 35.2028
-115.1361 35.4010
-115.3900 35.5991
-115.6439 35.7973
-115.8978 35.9955
-116.1517 36.1936
-116.4057 36.3918
-116.6596 36.5900
-116.8429 36.7278
-117.0263 36.8655
-117.2096 37.0034
-117.3929 37.1412
-117.5763 37.2790
-117.7596 37.4168
-117.9429 37.5546
-118.1263 37.6924
-118.3605 37.8559
-118.5947 38.0193
-118.8289 38.1828
-119.0632 38.3463
-119.2974 38.5098
-119.5316 38.6733
-119.7658 38.8368
-120.0001 39.0003
-120.0001 39.1878
-120.0001 39.3753
-120.0002 39.5628
-120.0002 39.7503
-120.0003 39.9379
-120.0003 40.1254
-120.0004 40.3129
-120.0004 40.5004
-120.0005 40.6880
-120.0006 40.8755
-120.0006 41.0630
-120.0006 41.2505
-120.0007 41.4380
-120.0007 41.6255
-120.0008 41.8131
-120.0008 42.0006

-67.6129 47.9986
-67.7393 47.9986
-67.9134 47.9986
-68.0234 47.9986
-68.1135 47.9986
-68.1135 47.9294
-68.2525 47.9294
-68.3779 47.9294
-68.3783 47.8384
-68.3785 47.7652
-68.3788 47.6919
-68.3792 47.5890

-123.8192 60.0011
-124.7709 60.0011
-125.7227 60.0011
-126.6744 60.0011
-127.6262 60.0011
-128.5779 60.0011
-129.5297 60.0011
-130.4814 60.0011
-131.4332 60.0011
-132.3849 60.0011
-133.3367 60.0011
-134.2885 60.0011
-135.2402 60.0011
-136.1920 60.0011
-137.1437 60.0011
-138.0955 60.0011
-139.0565 60.0016

-120.0000 60.0011
-120.4774 60.0011
-120.9548 60.0011
-121.4322 60.0011
-121.9096 60.0011
-122.3870 60.0011
-122.8644 60.0011
-123.3417 60.0011
-123.8192 60.0011

-64.0309 46.0127
-64.0514 45.9779
-64.1596 45.9648
-64.2165 45.9008
-64.2728 45.8499
-64.3147 45.8357

-64.6143 60.3060
-64.8159 60.2674
-64.8467 60.2508
-64.8468 60.2382
-64.7893 60.1961
-64.6445 60.1613
-64.6223 60.1413
-64.6499 60.1101
-64.7106 60.0910
-64.7822 60.0638
-64.8803 60.0497
-64.8873 60.0354
-64.8682 60.0088
-64.8340 59.9858
-64.6824 59.9429
-64.6650 59.9327
-64.6615 59.9215
-64.6656 59.9055
-64.7619 59.8640
-64.7908 59.8156
-64.8180 59.5402
-64.7756 59.4883
-64.7146 59.4663
-64.4448 59.5280
-64.3853 59.5148
-64.3787 59.4751
-64.4258 59.4564
-64.5031 59.3987
-64.5187 59.3559
-64.5195 59.2258
-64.5055 59.1660
-64.4778 59.1162
-64.4417 59.0911
-64.3324 59.0438
-64.3244 59.0200
-64.3582 59.0019
-64.3935 58.9985
-64.7703 59.0487
-64.8017 59.0403
-64.8328 59.0200
-64.8511 58.9837
-64.8483 58.9492
-64.8086 58.9294
-64.6179 58.9115
-64.2941 58.8660
-64.2356 58.7858
-64.1918 58.7687
-64.1553 58.7706
-63.9906 58.8110
-63.7271 58.8617
-63.6659 58.8536
-63.5918 58.8298
-63.5353 58.7988
-63.5040 58.7706
-63.4967 58.7534
-63.5060 58.7434
-63.5532 58.7316
-63.9605 58.6842
-64.0314 58.6663
-64.0708 58.6417
-64.0850 58.6212
-64.0859 58.5994
-64.0625 58.5548
-64.0387 58.5448
-63.8824 58.5552
-63.8408 58.5052
-63.8371 58.4826
-63.8480 58.4597
-64.0227 58.3988
-64.0978 58.3592
-64.3714 58.1693
-64.3946 58.1443
-64.4004 58.1214
-64.3870 58.0989
-64.2266 58.0175
-64.1336 57.8754
-64.0788 57.8125
-64.0455 57.7853
-63.9860 57.8031
-63.9613 57.8017
-63.9215 57.7833
-63.8719 57.7312
-63.8419 57.7133
-63.7935 57.7060
-63.7156 57.6959
-63.6176 57.7261
-63.6013 57.7231
-63.5982 57.6925
-63.6147 57.6693
-63.7437 57.5809
-63.7585 57.5529
-63.7616 57.5131
-63.7421 57.3958
-63.7999 57.3187
-63.7933 57.2790
-63.7600 57.2408
-63.7579 57.2277
-63.7918 57.1299
-63.8358 57.0831
-63.8764 57.0230
-63.9033 56.8893
-63.9504 56.8635
-64.0036 56.8206
-64.0304 56.7871
-64.1007 56.7379
-64.1156 56.7074
-64.1119 56.6909
-63.9549 56.5270
-63.9256 56.4754
-63.9549 56.4389
-64.0527 56.4297
-64.1361 56.3946
-64.1187 56.3343
-64.1215 56.2994
-64.1153 56.2887
-64.0837 56.2752
-63.9128 56.2290
-63.8993 56.2123
-63.9917 56.1446
-64.0041 56.0975
-63.9684 56.0947
-63.8859 56.0884
-63.8361 56.0633
-63.5783 56.0256
-63.5585 55.9925
-63.5865 55.9762
-63.6611 55.9478
-63.6984 55.9234
-63.7084 55.8834
-63.7006 55.8609
-63.5244 55.7057
-63.4152 55.5960
-63.3634 55.5647
-63.3046 55.5421
-63.1544 55.5136
-63.1511 55.4841
-63.1595 55.4404
-63.1513 55.4045
-63.1118 55.3398
-63.1614 55.3075
-63.4293 55.2099
-63.5109 55.1676
-63.5340 55.1404
-63.5512 55.0863
-63.4801 54.9872
-63.4760 54.9619
-63.4915 54.9178
-63.5697 54.7763
-63.6580 54.6444
-63.6988 54.6152
-63.7512 54.6122
-63.9102 54.6340
-64.3411 54.7263
-64.8152 54.7339
-65.1218 54.7192
-65.6758 54.7449
-65.7416 54.7689
-65.7968 54.8050
-65.8681 54.8983
-65.8836 54.9072
-66.0828 54.9417
-66.1566 54.9678
-66.2398 55.0084
-66.6179 55.2560
-66.7334 55.3189
-66.7740 55.3283
-66.7996 55.3112
-66.7973 55.2938
-66.7251 55.2132
-66.7190 55.1925
-66.7474 55.1291
-66.6928 54.9980
-66.7104 54.9482
-66.6567 54.8468
-66.6508 54.7986
-66.7244 54.7480
-66.8671 54.7810
-67.1667 54.9375
-67.3017 55.0637
-67.3387 55.0746
-67.4082 55.0718
-67.4264 55.0589
-67.4371 55.0362
-67.4158 54.9838
-67.3720 54.9174
-67.2900 54.8258
-67.2046 54.6993
-67.1992 54.6821
-67.1469 54.6530
-67.1502 54.6167
-67.2361 54.5857
-67.2855 54.5186
-67.3146 54.5174
-67.5365 54.5727
-67.5785 54.5655
-67.6014 54.5528
-67.6201 54.5065
-67.6097 54.4516
-67.5819 54.3918
-67.5153 54.2817
-67.5080 54.2528
-67.5113 54.2362
-67.6811 54.1413
-67.7314 54.0999
-67.7615 54.0607
-67.7573 54.0337
-67.5306 53.8394
-67.4710 53.7965
-67.4557 53.7305
-67.4770 53.6352
-67.4735 53.6133
-67.4571 53.6012
-67.1649 53.5430
-67.1285 53.5028
-67.0761 53.4174
-67.0259 53.3931
-66.9804 53.3840
-66.9444 53.3551
-66.9379 53.3288
-66.9652 53.1830
-66.9703 53.0730
-67.0280 52.9805
-67.0537 52.9200
-67.0697 52.8326
-67.0680 52.7549
-67.0295 52.7204
-66.9510 52.6983
-66.8975 52.6938
-66.8558 52.6984
-66.8148 52.6865
-66.6883 52.7269
-66.6713 52.7488
-66.6314 52.9103
-66.6153 52.9315
-66.5210 52.9585
-66.4899 53.0050
-66.4680 53.0186
-66.4280 53.0108
-66.3899 52.9920
-66.3281 52.9339
-66.3002 52.8969
-66.3105 52.8610
-66.3413 52.8401
-66.3568 52.8063
-66.3664 52.7414
-66.4166 52.6884
-66.4261 52.6609
-66.3942 52.4178
-66.4017 52.3978
-66.4634 52.3413
-66.4622 52.2945
-66.4393 52.2291
-66.4074 52.1837
-66.3789 52.1645
-66.3455 52.1548
-66.3268 52.1887
-66.2960 52.2946
-66.2795 52.3008
-66.1485 52.2298
-66.0970 52.2095
-66.0358 52.1092
-65.9788 52.0807
-65.8829 52.0542
-65.8268 52.0524
-65.8059 52.0637
-65.7806 52.1039
-65.6906 52.0936
-65.6311 52.0731
-65.5891 52.0734
-65.5516 52.0940
-65.4743 52.1962
-65.4521 52.2029
-65.3980 52.2030
-65.2682 52.1852
-65.1371 52.1547
-65.0362 52.1135
-64.9322 52.0550
-64.7646 51.9054
-64.6580 51.8486
-64.6267 51.8253
-64.6390 51.7905
-64.6927 51.7626
-64.7023 51.7454
-64.6974 51.7205
-64.5980 51.6004
-64.5063 51.6089
-64.2905 51.7288
-64.2894 51.7691
-64.3261 51.8115
-64.3346 51.8419
-64.3214 51.9297
-64.2708 52.0832
-64.2596 52.0995
-64.1596 52.1480
-64.1307 52.1867
-64.1032 52.3785
-64.1835 52.5542
-64.1872 52.6260
-64.1785 52.8153
-64.1394 52.8542
-64.0079 52.8782
-63.9734 52.8951
-63.9175 53.0656
-63.9051 53.0769
-63.7990 53.1043
-63.7225 53.1092
-63.6716 53.1007
-63.6062 53.0349
-63.5546 52.9643
-63.5487 52.9397
-63.5668 52.8259
-63.5635 52.7970
-63.5502 52.7741
-63.4097 52.6887
-63.4228 52.6699
-63.5225 52.6488
-63.8107 52.6113
-63.8985 52.5892
-63.9555 52.5656
-64.0176 52.5255
-64.0594 52.4851
-64.0662 52.4659
-64.0617 52.4578
-63.9511 52.4288
-63.9428 52.4181
-63.9355 52.3809
-63.8840 52.3449
-63.7656 52.2975
-63.6838 52.1380
-63.6680 52.0942
-63.6643 52.0601
-63.7040 52.0484
-63.7855 52.0508
-63.7922 52.0441
-63.7834 52.0204
-63.7569 52.0105
-63.6066 52.0008
-63.2000 52.0009
-62.7934 52.0009
-62.3868 52.0009
-61.9802 52.0009
-61.5736 52.0009
-61.1670 52.0009
-60.7604 52.0010
-60.3538 52.0010
-59.9472 52.0010
-59.5406 52.0010
-59.1340 52.0010
-58.7274 52.0010
-58.3208 52.0011
-57.9142 52.0011
-57.5076 52.0011
-57.1010 52.0011
-57.1010 51.7107
-57.1001 51.4433

-102.0016 60.0011
-102.0019 60.2416
-102.0021 60.4821
-102.0024 60.7226
-102.0026 60.9631
-102.0029 61.2037
-102.0031 61.4442
-102.0034 61.6847
-102.0036 61.9252
-102.0039 62.1657
-102.0041 62.4062
-102.0043 62.6467
-102.0046 62.8872
-102.0049 63.1277
-102.0051 63.3682
-102.0054 63.6088
-102.0056 63.8493
-101.9866 64.0802
-101.9991 64.2284
-102.4350 64.2628
-102.8708 64.2973
-103.3067 64.3317
-103.7426 64.3661
-104.1784 64.4006
-104.6143 64.4350
-105.0502 64.4694
-105.4860 64.5038
-105.9219 64.5382
-106.3578 64.5727
-106.7936 64.6071
-107.2295 64.6415
-107.6654 64.6759
-108.1012 64.7104
-108.5371 64.7448
-108.9729 64.7792
-109.2151 64.8130
-109.5164 64.9029
-109.8047 65.0515
-110.0929 65.2000
-110.3812 65.3486
-110.6695 65.4971
-111.1281 65.4984
-111.5867 65.4997
-112.0453 65.5010
-112.5039 65.5023
-112.7593 65.5805
-113.0148 65.6586
-113.2702 65.7368
-113.5256 65.8149
-113.7811 65.8930
-114.0365 65.9712
-114.2920 66.0493
-114.5474 66.1275
-114.8029 66.2056
-115.0583 66.2838
-115.3138 66.3619
-115.5692 66.4400
-115.8246 66.5182
-116.0801 66.5963
-116.3355 66.6744
-116.5909 66.7526
-116.8464 66.8307
-117.1018 66.9089
-117.3573 66.9870
-117.6127 67.0652
-117.8681 67.1433
-118.1236 67.2214
-118.3790 67.2996
-118.6344 67.3777
-118.8899 67.4559
-119.1453 67.5340
-119.4007 67.6122
-119.6562 67.6903
-119.9116 67.7684
-120.1671 67.8466
-120.4225 67.9247
-120.6780 68.0028
-120.6783 68.2086
-120.6787 68.4143
-120.6791 68.6200
-120.6794 68.8258
-120.6798 69.0315
-120.6801 69.2372
-120.6819 69.5669
-120.6809 69.6487
-120.2027 69.6487
-119.7246 69.6487
-119.2465 69.6487
-118.7683 69.6487
-118.2902 69.6487
-117.8121 69.6487
-117.3339 69.6487
-116.8560 69.6497
-116.6505 69.6498
-116.6937 69.6955
-116.8209 69.7600
-116.9481 69.8245
-117.0753 69.8890
-117.0554 70.0022
-116.5956 70.0021
-116.0675 70.0019
-115.5394 70.0018
-115.0113 70.0017
-114.4832 70.0015
-113.9550 70.0014
-113.4269 70.0013
-112.8811 70.0014
-112.8780 69.9116
-112.8749 69.8334
-112.7625 69.8339
-112.6500 69.8344
-112.4998 69.9115
-112.5000 70.0012
-112.1875 70.0012
-111.8750 70.0012
-111.5625 70.0012
-111.2500 70.0012
-110.9375 70.0012
-110.6250 70.0012
-110.3125 70.0012
-110.0000 70.0012
-110.0003 70.5441
-110.0005 71.0870
-110.0007 71.6299
-110.0010 72.1729
-110.0012 72.7158
-110.0018 72.9819
-110.0014 73.2587
-110.0017 73.8017
-110.0019 74.3446
-110.0028 74.8510
-110.0021 74.8876
-110.0023 75.4305
-110.0026 75.9734
-110.0026 76.2442
-110.0034 76.4797
-110.0028 76.5163
-110.0030 77.0593
-110.0033 77.6022
-110.0036 77.9289
-110.0035 78.0896
-110.0035 78.1451
-110.0037 78.3217
-110.0044 78.6867

-102.0016 60.0011
-102.5015 60.0011
-103.0014 60.0011
-103.5014 60.0011
-104.0012 60.0011
-104.5011 60.0011
-105.0011 60.0011
-105.5009 60.0011
-106.0008 60.0011
-106.5007 60.0011
-107.0006 60.0011
-107.5005 60.0011
-108.0004 60.0011
-108.5003 60.0011
-109.0002 60.0011
-109.5001 60.0011
-110.0000 60.0011

-120.0000 60.0011
-119.3750 60.0011
-118.7500 60.0011
-118.1250 60.0011
-117.5000 60.0011
-116.8750 60.0011
-116.2500 60.0011
-115.6250 60.0011
-115.0000 60.0011
-114.3750 60.0011
-113.7500 60.0011
-113.1250 60.0011
-112.5000 60.0011
-111.8750 60.0011
-111.2500 60.0011
-110.6250 60.0011
-110.0000 60.0011

-110.0000 60.0011
-110.0000 59.6571
-110.0000 59.3131
-110.0000 58.9692
-109.9999 58.6252
-109.9999 58.2813
-109.9999 57.9372
-109.9999 57.5933
-109.9999 57.2493
-109.9998 56.9054
-109.9998 56.5614
-109.9998 56.2174
-109.9998 55.8734
-109.9998 55.5295
-109.9998 55.1855
-109.9997 54.8415
-109.9997 54.4976
-109.9997 54.1536
-109.9997 53.8096
-109.9997 53.4656
-109.9996 53.1217
-109.9996 52.7777
-109.9996 52.4337
-109.9996 52.0897
-109.9996 51.7458
-109.9995 51.4018
-109.9995 51.0578
-109.9995 50.7139
-109.9995 50.3699
-109.9995 50.0259
-109.9995 49.6820
-109.9994 49.3380
-109.9994 48.9931

-88.9485 56.8513
-89.2052 56.6948
-89.4637 56.5353
-89.7221 56.3757
-89.9806 56.2161
-90.3300 55.9913
-90.6795 55.7666
-91.0290 55.5418
-91.3785 55.3170
-91.6839 55.1079
-91.9893 54.8988
-92.2948 54.6898
-92.6002 54.4807
-92.8552 54.2975
-93.1102 54.1143
-93.3652 53.9311
-93.6202 53.7479
-94.0036 53.5165
-94.3870 53.2852
-94.7704 53.0538
-95.1538 52.8224
-95.1548 52.3910
-95.1557 51.9595
-95.1566 51.5281
-95.1576 51.0966
-95.1585 50.6652
-95.1594 50.2338
-95.1604 49.8023
-95.1553 49.3697

-102.0016 60.0011
-101.5517 60.0011
-101.1018 60.0011
-100.6519 60.0011
-100.2020 60.0011
-99.7520 60.0011
-99.3021 60.0011
-98.8522 60.0011
-98.4023 60.0011
-97.9523 60.0011
-97.5024 60.0011
-97.0525 60.0011
-96.6025 60.0011
-96.1526 60.0011
-95.7027 60.0011
-95.2528 60.0011
-94.7719 60.0018

-102.0016 60.0011
-102.0016 59.7396
-102.0016 59.4781
-102.0015 59.2167
-102.0015 58.9552
-102.0015 58.6937
-102.0014 58.4323
-102.0014 58.1708
-102.0014 57.9093
-102.0013 57.6478
-102.0013 57.3864
-102.0013 57.1249
-102.0012 56.8634
-102.0012 56.6019
-102.0012 56.3405
-102.0011 56.0790
-102.0011 55.8175
-101.9613 55.3910
-101.9215 54.9646
-101.8817 54.5381
-101.8419 54.1117
-101.8021 53.6852
-101.7623 53.2587
-101.7225 52.8323
-101.6828 52.4058
-101.6430 51.9793
-101.6032 51.5529
-101.5634 51.1264
-101.5236 50.7000
-101.4838 50.2735
-101.4440 49.8470
-101.4042 49.4205
-101.3673 48.9931

-116.8965 46.0021
-117.1443 46.0023
-117.4098 46.0020
-117.6752 46.0018
-117.9407 46.0015
-118.2061 46.0013
-118.4716 46.0010
-118.7370 46.0008
-119.0024 46.0005
-119.0197 46.0003
-119.0499 45.9815
-119.1773 45.9451
-119.4291 45.9342
-119.9343 45.8379
-120.1560 45.7622
-120.3514 45.7252
-120.7158 45.6898
-121.0452 45.6390
-121.1843 45.6438
-121.2427 45.6870
-121.4021 45.7118
-121.6625 45.7181
-121.8820 45.6895
-122.0851 45.6026
-122.1499 45.5939
-122.1499 45.5938
-122.2025 45.5911
-122.5610 45.6251
-122.6498 45.6274
-122.7259 45.6738
-122.7464 45.7497
-122.8434 45.9781
-122.9420 46.1149
-123.0423 46.1600
-123.1209 46.1788
-123.2206 46.1536

-116.8965 46.0021
-116.9302 46.0560
-116.9478 46.1243
-116.9221 46.1636
-116.9430 46.2321
-117.0104 46.3296
-117.0390 46.3966
-117.0325 46.4198
-117.0250 46.4292
-117.0258 46.5895
-117.0267 46.7498
-117.0275 46.9101
-117.0283 47.0704
-117.0292 47.2307
-117.0300 47.3910
-117.0308 47.5513
-117.0316 47.7116
-117.0325 47.8719
-117.0333 48.0322
-117.0341 48.1925
-117.0349 48.3528
-117.0357 48.5131
-117.0365 48.6734
-117.0374 48.8337
-117.0391 48.9931

-117.0167 42.0006
-117.0171 42.2238
-117.0176 42.4470
-117.0180 42.6702
-117.0185 42.8934
-117.0189 43.1165
-117.0193 43.3397
-117.0198 43.5629
-117.0202 43.8084
-117.0205 43.8132
-116.9576 43.9641
-116.9440 44.0377
-116.9607 44.0791
-116.9498 44.1190
-116.9113 44.1574
-116.9124 44.1995
-116.9532 44.2453
-117.0290 44.2755
-117.1397 44.2903
-117.1973 44.3438
-117.2017 44.4362
-117.1189 44.5783
-116.9490 44.7701
-116.8559 44.9057
-116.8396 44.9852
-116.7373 45.1688
-116.5492 45.4567
-116.4770 45.6411
-116.5209 45.7219
-116.6168 45.7992
-116.7647 45.8729
-116.8692 45.9585
-116.8965 46.0021

-114.6105 34.9911
-114.6109 34.9074
-114.5575 34.7946
-114.3980 34.5897
-114.3789 34.5406
-114.3769 34.5397
-114.3710 34.4885
-114.3080 34.4329
-114.1588 34.3552
-114.1251 34.3172
-114.1250 34.3141
-114.1256 34.2865
-114.1635 34.2534
-114.3293 34.1420
-114.4183 34.0511
-114.5091 33.9039
-114.4951 33.7847
-114.4993 33.6859
-114.5216 33.6076
-114.5560 33.5356
-114.6026 33.4699
-114.6512 33.4306
-114.7017 33.4178
-114.7194 33.3309
-114.7044 33.1698
-114.6481 33.0718
-114.5505 33.0368
-114.4909 32.9836
-114.4690 32.9123
-114.4775 32.8420
-114.5165 32.7728
-114.5822 32.7347
-114.7209 32.7245
-114.7209 32.7245
-114.7248 32.7153

-114.6105 34.9911
-114.6105 34.9976
-114.5910 35.3528
-114.6485 35.4759
-114.6621 35.5454
-114.6452 35.6305
-114.6501 35.6835
-114.6771 35.7298
-114.6837 35.8136
-114.6871 35.9173
-114.7323 35.9837
-114.7414 36.0135
-114.7158 36.0850
-114.6691 36.1217
-114.5930 36.1476
-114.5053 36.1564
-114.4061 36.1483
-114.3315 36.1163
-114.2816 36.0603
-114.2321 36.0317
-114.1832 36.0303
-114.1194 36.0767
-114.0619 36.1752
-114.0429 36.1818
-114.0412 36.6125
-114.0403 37.0042

-103.0003 36.5012
-103.0422 36.5006
-103.0436 36.2195
-103.0451 35.9384
-103.0465 35.6573
-103.0480 35.3761
-103.0495 35.0950
-103.0509 34.8139
-103.0524 34.5328
-103.0539 34.2517
-103.0554 33.9706
-103.0568 33.6895
-103.0583 33.4083
-103.0598 33.1272
-103.0612 32.8461
-103.0627 32.5650
-103.0642 32.2839
-103.0656 32.0027
-103.2904 32.0026
-103.5152 32.0026
-103.7400 32.0025
-103.9648 32.0024
-104.1896 32.0023
-104.4144 32.0022
-104.6392 32.0021
-104.8639 32.0020
-105.0887 32.0019
-105.3135 32.0018
-105.5383 32.0018
-105.7631 32.0017
-105.9879 32.0016
-106.2127 32.0015
-106.4375 32.0014
-106.6622 32.0013
-106.6683 32.0009
-106.5663 31.8195
-106.5664 31.8195
-106.4454 31.7684

-95.3467 40.0015
-95.1162 39.8721
-95.0555 39.8708
-94.9840 39.8912
-94.9299 39.8615
-94.8933 39.7818
-94.8986 39.7411
-94.9458 39.7395
-95.0048 39.6916
-95.0754 39.5974
-95.0579 39.5090
-94.9525 39.4264
-94.8823 39.3431
-94.8472 39.2592
-94.7779 39.1940
-94.6224 39.1244

-95.7650 40.6019
-95.7396 40.5709
-95.6847 40.4664
-95.6616 40.3628
-95.6071 40.2955
-95.5212 40.2646
-95.4637 40.1981
-95.4343 40.0960
-95.3625 40.0103
-95.3467 40.0015

-96.4810 42.5113
-96.4510 42.5060
-96.3838 42.4178
-96.3561 42.2601
-96.2953 42.1329
-96.2014 42.0361
-96.1542 41.9653
-96.1538 41.9204
-96.1312 41.8724
-96.0866 41.8214
-96.0688 41.7343
-96.0778 41.6113
-96.0586 41.5458
-96.0114 41.5379
-95.9910 41.5205
-95.9974 41.4936
-95.9816 41.4738
-95.9436 41.4609
-95.9330 41.4255
-95.9497 41.3674
-95.9360 41.3310
-95.8919 41.3162
-95.8836 41.2876
-95.9112 41.2452
-95.9069 41.2119
-95.8709 41.1878
-95.8466 41.0803
-95.8340 40.8895
-95.8381 40.7777
-95.8590 40.7451
-95.8261 40.6762
-95.7650 40.6019

-96.4810 42.5113
-96.5580 42.5248
-96.6328 42.5687
-96.6755 42.6376
-96.8045 42.7014
-97.0197 42.7602
-97.1645 42.8132
-97.2388 42.8605
-97.4167 42.8810
-97.6981 42.8746
-97.8809 42.8496
-97.9649 42.8059
-98.1433 42.8523
-98.4418 43.0011
-98.8371 43.0012
-99.1833 43.0012
-99.5294 43.0012
-99.8755 43.0012
-100.2216 43.0012
-100.5677 43.0013
-100.9138 43.0013
-101.2599 43.0013
-101.6061 43.0013
-101.9522 43.0013
-102.2983 43.0014
-102.6444 43.0014
-102.9905 43.0014
-103.3366 43.0014
-103.6827 43.0014
-104.0289 43.0014

-91.6564 31.0018
-91.6572 30.9960

-91.1500 33.0159
-91.1442 32.9669
-91.0961 32.9377
-91.0934 32.8850
-91.1361 32.8088
-91.1356 32.7558
-91.0921 32.7259
-91.0944 32.6943
-91.1424 32.6610
-91.1496 32.6250
-91.1161 32.5862
-91.1008 32.5414
-91.1038 32.4905
-91.0593 32.4238
-90.9900 32.3811
-90.9447 32.3307
-90.9404 32.3031
-90.9376 32.2773
-90.9477 32.2401
-91.0046 32.1856
-91.0482 32.1459
-91.0746 32.1313
-91.0887 32.1041
-91.0925 32.0458
-91.1565 31.9707
-91.2865 31.8840
-91.3725 31.7737
-91.4147 31.6400
-91.4591 31.5550
-91.5057 31.5187
-91.5290 31.4488
-91.5290 31.3452
-91.5587 31.2879
-91.6182 31.2770
-91.6308 31.2176
-91.5964 31.1099
-91.6110 31.0649
-91.6526 31.0296
-91.6564 31.0018

-90.2937 35.0011
-90.2934 34.9701
-90.2821 34.9453
-90.3199 34.8992
-90.4159 34.8516
-90.4676 34.8053
-90.4748 34.7601
-90.4972 34.7381
-90.5392 34.7282
-90.5638 34.6612
-90.5840 34.5037
-90.6354 34.4139
-90.7181 34.3917
-90.7623 34.3564
-90.7681 34.3081
-90.8172 34.2522
-90.9097 34.1888
-90.9403 34.1286
-90.9088 34.0716
-90.9147 34.0486
-90.9431 34.0297
-91.0431 34.0029
-91.0604 33.9893
-91.0702 33.9742
-91.0501 33.9452
-91.0382 33.9014
-91.0527 33.8276
-91.0772 33.7967
-91.1003 33.7674
-91.1841 33.7157
-91.2075 33.6757
-91.1704 33.6475
-91.1727 33.6167
-91.2146 33.5834
-91.2027 33.5470
-91.1930 33.5225
-91.1543 33.5002
-91.1410 33.4385
-91.1685 33.3595
-91.1633 33.2945
-91.1173 33.2408
-91.1068 33.2179
-91.1529 33.0406
-91.1500 33.0159

-89.7048 36.0016
-89.7093 35.9831
-89.6892 35.9436
-89.6889 35.9210
-89.7038 35.9069
-89.7382 35.8987
-89.7636 35.8888
-89.7689 35.8721
-89.7699 35.8643
-89.7681 35.8452
-89.7636 35.8280
-89.7797 35.8057
-89.8946 35.7505
-89.9435 35.6791
-89.9265 35.5917
-89.9673 35.5033
-90.0660 35.4141
-90.1079 35.3142
-90.0929 35.2036
-90.1423 35.1143
-90.2560 35.0464
-90.2938 35.0045
-90.2937 35.0011

-89.5573 36.5011
-89.5406 36.4267
-89.5553 36.3729
-89.6041 36.3519
-89.6117 36.3220
-89.5835 36.2877
-89.5835 36.2722
-89.5946 36.2594
-89.6280 36.2553
-89.6541 36.2480
-89.6745 36.2206
-89.6341 36.1679
-89.6419 36.1045
-89.6977 36.0303
-89.7048 36.0016

-89.4872 36.5031
-89.4968 36.5288
-89.5195 36.5548
-89.5356 36.5553
-89.5496 36.5531
-89.5555 36.5408
-89.5600 36.5131
-89.5573 36.5011

-89.4503 36.5000
-89.4518 36.4975
-89.4715 36.4889
-89.4854 36.4981
-89.4872 36.5031

-89.1543 36.9921
-89.1225 36.9116
-89.1295 36.8111
-89.1563 36.7157
-89.2030 36.6255
-89.2561 36.5944
-89.2801 36.6000
-89.3305 36.6159
-89.3513 36.6112
-89.3975 36.5878
-89.4503 36.5000

-91.4420 40.3794
-91.4998 40.2260
-91.5017 40.0975
-91.4668 39.9429
-91.4259 39.8268
-91.3787 39.7494
-91.2099 39.6028
-90.9194 39.3869
-90.7372 39.1818
-90.6635 38.9875
-90.5771 38.9096
-90.4780 38.9481
-90.3543 38.9302
-90.2201 38.8977
-90.1499 38.8599
-90.1342 38.8467
-90.1268 38.8326
-90.1322 38.8186
-90.1508 38.7805
-90.3166 38.4578
-90.3740 38.3098
-90.3658 38.2543
-90.2990 38.1740
-90.1736 38.0690
-90.0639 38.0005
-89.9698 37.9685
-89.8230 37.8841
-89.6233 37.7473
-89.5234 37.6445
-89.5234 37.5759
-89.5029 37.5058
-89.4620 37.4341
-89.4620 37.3657
-89.5029 37.3005
-89.4869 37.2127
-89.4139 37.1024
-89.3519 37.0355
-89.3008 37.0121
-89.2900 37.0128
-89.2859 37.0227
-89.2932 37.0382
-89.2958 37.0516
-89.2917 37.0707
-89.2815 37.0778
-89.2724 37.0800
-89.2249 37.0527
-89.1543 36.9921

-90.6506 42.5130
-90.5896 42.4448
-90.4847 42.3833
-90.4250 42.3257
-90.4105 42.2721
-90.3466 42.2148
-90.2332 42.1540
-90.1675 42.1003
-90.1494 42.0537
-90.1524 41.9815
-90.1766 41.8836
-90.2178 41.8131
-90.2760 41.7700
-90.3192 41.7097
-90.3475 41.6320
-90.4367 41.5604
-90.5867 41.4947
-90.7541 41.4498
-90.9388 41.4256
-91.0481 41.3691
-91.0821 41.2803
-91.0665 41.2059
-91.0013 41.1460
-90.9638 41.0825
-90.9540 41.0156
-91.0001 40.9047
-91.1021 40.7498
-91.2151 40.6496
-91.3390 40.6040
-91.3942 40.5367
-91.3805 40.4476
-91.3908 40.3971
-91.4420 40.3794

-91.2453 43.5024
-91.2383 43.4402
-91.2187 43.3953
-91.1784 43.3589
-91.1172 43.3312
-91.1070 43.2780
-91.1476 43.1996
-91.1613 43.1023
-91.1482 42.9862
-91.1176 42.8817
-91.0696 42.7886
-90.9599 42.7203
-90.7887 42.6769
-90.6879 42.6103
-90.6573 42.5205
-90.6506 42.5130

-91.2453 43.5024
-91.2784 43.7974
-91.3199 43.9363
-91.3827 43.9908
-91.5148 44.0542
-91.7164 44.1265
-91.8410 44.1942
-91.9123 44.2889
-92.0551 44.3998
-92.1486 44.4452
-92.2403 44.4621
-92.3131 44.4978
-92.3669 44.5523
-92.4416 44.5866
-92.5370 44.6008
-92.6435 44.6453
-92.7698 44.7258
-92.7726 44.7320
-92.7992 44.7900
-92.7847 44.8226
-92.7634 44.9343
-92.7652 44.9694
-92.7930 45.0714
-92.7591 45.1106
-92.7661 45.2365
-92.7539 45.2776
-92.6858 45.3805
-92.6826 45.4331
-92.7070 45.4938
-92.7575 45.5432
-92.8925 45.5948
-92.8965 45.6586
-92.8747 45.7061
-92.7864 45.7955
-92.7381 45.8747
-92.6939 45.9090
-92.4246 46.0278
-92.3673 46.0360
-92.3255 46.0696
-92.2926 46.0844
-92.2924 46.2285
-92.2921 46.3725
-92.2919 46.5166
-92.2916 46.6607
-92.2240 46.6710
-92.1945 46.7070
-92.1253 46.7630
-92.0933 46.7619
-91.9649 46.7298
-91.8408 46.7786
-91.7166 46.8274
-91.5925 46.8763
-91.4684 46.9251
-91.2648 47.0211
-91.0612 47.1171
-90.8576 47.2131
-90.6540 47.3091
-90.4799 47.3036
-90.3059 47.2981
-90.1318 47.2926
-89.9577 47.2871

-88.0420 37.7889
-88.0732 37.7709
-88.1290 37.6995
-88.1404 37.6207
-88.1075 37.5344
-88.1905 37.4646
-88.3893 37.4113
-88.4947 37.3643
-88.5066 37.3236
-88.4928 37.2616
-88.4533 37.1781
-88.4462 37.1204
-88.4717 37.0884
-88.6138 37.1101
-88.8726 37.1855
-89.0462 37.1830
-89.1346 37.1025
-89.1651 37.0416
-89.1543 36.9921

-84.8217 39.0920
-84.8374 39.0827
-84.8606 39.0397
-84.8355 38.9960
-84.8366 38.9606
-84.8639 38.9332
-84.8542 38.9129
-84.8075 38.8995
-84.7896 38.8684
-84.8007 38.8194
-84.9012 38.7696
-85.0939 38.7136
-85.1355 38.6973
-85.1699 38.6904
-85.1861 38.6937
-85.1860 38.6937
-85.2111 38.7041
-85.2466 38.7270
-85.3067 38.7372
-85.4054 38.7300
-85.4448 38.6831
-85.4248 38.5966
-85.4587 38.5302
-85.5463 38.4840
-85.6089 38.4230
-85.6464 38.3473
-85.7063 38.3014
-85.7885 38.2852
-85.8549 38.2150
-85.9057 38.0909
-85.9612 38.0140
-86.0213 37.9844
-86.1034 37.9919
-86.2075 38.0366
-86.2676 38.0826
-86.2838 38.1299
-86.3146 38.1638
-86.3427 38.1787
-86.3614 38.1790
-86.3625 38.1721
-86.3550 38.1589
-86.3651 38.1446
-86.4296 38.1397
-86.4574 38.1202
-86.4483 38.0860
-86.4625 38.0618
-86.5000 38.0475
-86.5199 38.0148
-86.5222 37.9637
-86.5486 37.9171
-86.5992 37.8748
-86.6731 37.8890
-86.7703 37.9598
-86.8691 37.9761
-86.9694 37.9380
-87.0443 37.8864
-87.0936 37.8213
-87.1410 37.8052
-87.2094 37.8548
-87.3724 37.9235
-87.4573 37.9381
-87.5184 37.9216
-87.5614 37.9291
-87.5762 37.9478
-87.5874 37.9557
-87.5994 37.9465
-87.6008 37.8867
-87.6154 37.8489
-87.6433 37.8330
-87.6646 37.8455
-87.6794 37.8864
-87.7145 37.8996
-87.7697 37.8852
-87.8253 37.8914
-87.8744 37.9157
-87.8921 37.9130
-87.9060 37.9018
-87.9021 37.8551
-87.9125 37.8177
-87.9381 37.7938
-87.9745 37.7880
-88.0218 37.8004
-88.0420 37.7889

-82.6128 38.4482
-82.6213 38.4507
-82.7582 38.5412
-82.8446 38.6277
-82.8804 38.7103
-83.0001 38.7140
-83.2035 38.6389
-83.3570 38.6274
-83.4606 38.6795
-83.5384 38.6999
-83.6163 38.6828
-83.6899 38.6495
-83.7523 38.6694
-83.8281 38.7312
-83.9484 38.7742
-84.1132 38.7984
-84.2273 38.8652
-84.2904 38.9747
-84.3580 39.0499
-84.4301 39.0909
-84.5089 39.1028
-84.5945 39.0858
-84.6605 39.0945
-84.7069 39.1289
-84.7659 39.1250
-84.8217 39.0920

-80.5191 40.6470
-80.6375 40.6033
-80.6590 40.5630
-80.6232 40.5116
-80.6041 40.4452
-80.6018 40.3639
-80.6683 40.1852
-80.8035 39.9091
-80.8722 39.7355
-80.8743 39.6643
-80.9633 39.5711
-81.1391 39.4560
-81.2625 39.3865
-81.3334 39.3628
-81.3924 39.3648
-81.4396 39.3926
-81.4927 39.3736
-81.5516 39.3080
-81.6065 39.2741
-81.6572 39.2720
-81.7006 39.2295
-81.7367 39.1466
-81.7707 39.0988
-81.8026 39.0861
-81.8050 39.0441
-81.7777 38.9728
-81.7801 38.9470
-81.7950 38.9459
-81.8093 38.9500
-81.8438 38.9343
-81.8824 38.8942
-81.8967 38.8935
-81.9074 38.9002
-81.9185 38.9523
-81.9498 38.9893
-82.0011 39.0111
-82.0723 38.9629
-82.1633 38.8449
-82.2035 38.7682
-82.1876 38.7152
-82.1801 38.6376
-82.2025 38.6058
-82.2523 38.5941
-82.2909 38.5520
-82.3181 38.4797
-82.3871 38.4340
-82.4975 38.4150
-82.6128 38.4482

-88.0420 37.7889
-88.0953 37.8756
-88.0911 37.8966
-88.0591 37.8984
-88.0425 37.9367
-88.0445 38.0133
-88.0261 38.0596
-87.9960 38.0744
-87.9903 38.0893
-88.0051 38.0984
-88.0060 38.1133
-87.9581 38.1443
-87.9486 38.1780
-87.9775 38.2144
-87.9804 38.2492
-87.9573 38.2822
-87.9214 38.2975
-87.8730 38.2950
-87.8272 38.3356
-87.7841 38.4191
-87.7352 38.4699
-87.6807 38.4880
-87.6360 38.5426
-87.5838 38.6794
-87.5295 38.7423
-87.5177 38.8118
-87.5303 38.9089
-87.5683 39.0072
-87.6317 39.1067
-87.6473 39.1687
-87.6150 39.1933
-87.6029 39.2341
-87.6111 39.2914
-87.5791 39.3440
-87.5329 39.3749
-87.5327 39.3791
-87.5313 39.6624
-87.5298 39.9622
-87.5284 40.2619
-87.5269 40.5617
-87.5255 40.8615
-87.5240 41.1612
-87.5225 41.4610
-87.5211 41.7608
-87.3714 41.7608
-87.2213 41.7607

-88.1733 34.9990
-88.0848 34.9331
-88.0882 34.9091
-88.0895 34.8931
-88.0956 34.8462
-88.1201 34.6615
-88.1445 34.4767
-88.1689 34.2920
-88.1933 34.1073
-88.2177 33.9225
-88.2421 33.7378
-88.2665 33.5531
-88.2909 33.3683
-88.3153 33.1836
-88.3397 32.9989
-88.3641 32.8142
-88.3886 32.6294
-88.4130 32.4447
-88.4374 32.2600
-88.4618 32.0752
-88.4862 31.8905
-88.4757 31.7028
-88.4652 31.5151
-88.4547 31.3274
-88.4442 31.1397
-88.4337 30.9520
-88.4233 30.7643
-88.4128 30.5766
-88.3996 30.3708

-85.6236 35.0009
-85.7840 35.0024
-85.9444 35.0039
-86.1049 35.0054
-86.2653 35.0069
-86.4257 35.0084
-86.5862 35.0099
-86.7466 35.0114
-86.9070 35.0129
-87.0674 35.0145
-87.2279 35.0159
-87.3883 35.0175
-87.5487 35.0189
-87.7092 35.0205
-87.8696 35.0220
-88.0300 35.0235
-88.1904 35.0250
-88.2031 35.0242
-88.1908 35.0120
-88.1733 34.9990

-83.6675 36.6050
-83.6754 36.6027
-83.6832 36.6004
-83.6911 36.5982
-83.6989 36.5959
-83.7068 36.5936
-83.7147 36.5914
-83.7225 36.5891
-83.7304 36.5868
-84.0775 36.5966
-84.4247 36.6063
-84.7718 36.6161
-85.1190 36.6258
-85.4661 36.6356
-85.8133 36.6453
-86.1605 36.6551
-86.5076 36.6648
-86.8405 36.6596
-87.1734 36.6544
-87.5063 36.6492
-87.8392 36.6440
-87.8687 36.6750
-87.9563 36.6820
-88.0911 36.6928
-88.0963 36.6930
-88.0567 36.5903
-88.0560 36.5009
-88.0591 36.4997
-88.2155 36.4997
-88.3882 36.4998
-88.5609 36.4998
-88.7336 36.4998
-88.9064 36.4999
-89.0791 36.4999
-89.2518 36.4999
-89.4503 36.5000

-81.6589 36.6106
-81.8007 36.6152
-81.9053 36.6185
-81.9525 36.5980
-82.1622 36.5989
-82.3294 36.5995
-82.6118 36.6007
-82.9558 36.6021
-83.4408 36.6041
-83.6675 36.6050

-75.8574 36.5506
-75.8891 36.5505
-75.9664 36.5514
-76.2148 36.5529
-76.5766 36.5557
-76.9384 36.5585
-77.3002 36.5613
-77.6620 36.5642
-78.0238 36.5670
-78.3855 36.5698
-78.7473 36.5726
-79.1091 36.5754
-79.4709 36.5782
-79.8327 36.5810
-80.1945 36.5838
-80.5563 36.5866
-80.9180 36.5895
-81.2798 36.5923
-81.6416 36.5951
-81.6589 36.6106

-85.0073 31.0017
-84.9663 30.9226
-84.8869 30.7593
-84.8839 30.7209
-84.7904 30.7151
-84.6310 30.7058
-84.4716 30.6965
-84.3122 30.6871
-84.1528 30.6778
-83.9933 30.6684
-83.8339 30.6591
-83.6746 30.6498
-83.5151 30.6404
-83.3557 30.6310
-83.1963 30.6217
-83.0369 30.6124
-82.8775 30.6030
-82.7181 30.5937
-82.5587 30.5844
-82.3993 30.5750
-82.2399 30.5657
-82.2389 30.5326
-82.2127 30.4807
-82.2062 30.4216
-82.1942 30.3934
-82.1626 30.3757
-82.1123 30.3714
-82.0618 30.4046
-82.0298 30.4777
-82.0218 30.5599
-82.0412 30.6532
-82.0382 30.7320
-82.0129 30.7781
-81.9831 30.7895
-81.9571 30.8143
-81.9356 30.8195
-81.8805 30.8063
-81.6734 30.7402
-81.5039 30.7314

-85.0073 31.0017
-85.0674 31.1176
-85.0926 31.2957
-85.0549 31.5727
-85.0670 31.6352
-85.0672 31.6354
-85.1248 31.7768
-85.1241 31.8805
-85.0644 32.0505
-85.0646 32.0510
-85.0346 32.1474
-84.9930 32.2018
-84.9297 32.2466
-84.9215 32.2859
-84.9685 32.3198
-84.9860 32.3609
-84.9739 32.4093
-85.0150 32.5262
-85.1565 32.8043
-85.1763 32.8982
-85.2010 32.9562
-85.2274 33.0840
-85.2538 33.2118
-85.2802 33.3396
-85.3066 33.4674
-85.3331 33.5952
-85.3595 33.7230
-85.3859 33.8507
-85.4123 33.9786
-85.4387 34.1063
-85.4651 34.2341
-85.4915 34.3619
-85.5179 34.4897
-85.5444 34.6175
-85.5708 34.7453
-85.5972 34.8731
-85.6236 35.0009

-83.1148 35.0015
-83.1214 35.0006
-83.1704 34.9329
-83.3167 34.8057
-83.3556 34.7083
-83.1665 34.5996
-83.1659 34.5985
-83.0528 34.5109
-82.9757 34.4764
-82.8968 34.4658
-82.8477 34.4369
-82.8186 34.3661
-82.8186 34.3660
-82.5893 34.0174
-82.5893 34.0176
-82.3519 33.8377
-82.2566 33.7492
-82.2084 33.6636
-82.0057 33.5229
-81.9364 33.4473
-81.9328 33.3899
-81.9087 33.3493
-81.8641 33.3254
-81.8213 33.2741
-81.7803 33.1953
-81.6993 33.1268
-81.5782 33.0686
-81.4898 32.9357
-81.4338 32.7280
-81.3770 32.6075
-81.2903 32.5572
-81.1715 32.3801
-81.1330 32.2747
-81.1350 32.1819
-81.0748 32.1097
-80.8723 32.0296

-77.1221 38.9435
-77.1018 38.9360
-77.0530 38.9153
-77.0304 38.8893
-77.0197 38.8065

-77.7266 39.3464
-77.6688 39.3095
-77.5342 39.2656
-77.4789 39.2209
-77.5029 39.1753
-77.5065 39.1426
-77.4809 39.1130
-77.3011 39.0534
-77.1903 38.9690
-77.1221 38.9435

-79.4880 39.2109
-79.3598 39.2854
-79.2936 39.3116
-79.0753 39.4760
-79.0467 39.4768
-78.9715 39.4536
-78.8148 39.5701
-78.7962 39.6126
-78.7778 39.6266
-78.7582 39.6248
-78.7465 39.6137
-78.7534 39.5895
-78.7417 39.5779
-78.6777 39.5495
-78.5875 39.5344
-78.5750 39.5329
-78.4955 39.5333
-78.4603 39.5561
-78.4427 39.6015
-78.4068 39.6279
-78.3254 39.6392
-78.1811 39.6857
-78.0978 39.6779
-78.0272 39.6312
-77.9557 39.6088
-77.8833 39.6107
-77.8554 39.5997
-77.8722 39.5758
-77.8531 39.5483
-77.7981 39.5173
-77.7796 39.4883
-77.7974 39.4615
-77.7917 39.4418
-77.7624 39.4292
-77.7448 39.4001
-77.7390 39.3543
-77.7266 39.3464

-79.5213 51.5447
-79.5204 51.2259
-79.5205 50.9660
-79.5196 50.9185
-79.5194 50.7422
-79.5189 50.5003
-79.5184 50.2584
-79.5179 50.0165
-79.5174 49.7747
-79.5169 49.5328
-79.5164 49.2909
-79.5159 49.0491
-79.5154 48.8072
-79.5150 48.5654
-79.5145 48.3235
-79.5140 48.0816
-79.5135 47.8397
-79.5130 47.5564
-79.5132 47.5511
-79.5593 47.4830
-79.5467 47.4074
-79.4792 47.3189
-79.4419 47.2277
-79.4349 47.1338
-79.3649 47.0220
-79.1656 46.8272
-79.0146 46.6065
-78.9032 46.4865
-78.7810 46.3934
-78.4605 46.3069
-77.6827 46.1867
-77.3730 46.0637
-77.3713 46.0629
-77.2927 45.9768
-77.2825 45.9620
-77.2668 45.9294
-77.2332 45.9036
-77.1007 45.8327
-77.0308 45.8075
-76.9767 45.7981
-76.9409 45.8010
-76.9255 45.8197
-76.9129 45.8758
-76.8902 45.8903
-76.8716 45.8874
-76.8237 45.8797
-76.7538 45.7978
-76.6666 45.6426
-76.5531 45.5421
-76.4134 45.4963
-76.2699 45.4839
-76.1226 45.5049
-76.0006 45.4836
-75.9040 45.4202
-75.6261 45.4508
-75.1671 45.5753
-74.8642 45.6422
-74.7172 45.6514
-74.5772 45.6322
-74.3966 45.5677
-74.4150 45.5088
-74.4531 45.3936
-74.4781 45.3179
-74.4129 45.2691
-74.3404 45.2144

